FoodUniqueId,Measure,Quantity,BaseMultiplier,Created,LastUpdated,Deleted
00e3ead2b6064e0388b9e67d3e510687,Ounce,0.5,0.464746,2025-01-10T02:54:59.286Z,2025-01-10T02:55:04Z,false
01a0d24b1f254c3dac98d9cb65bfe4ed,Cup,0.25,1.0,2025-11-27T00:53:50.016Z,2025-11-27T00:53:51Z,false
01a0d24b1f254c3dac98d9cb65bfe4ed,Gram,15.0,1.0,2025-11-27T00:53:50.019Z,2025-11-27T00:53:51Z,false
01a0d24b1f254c3dac98d9cb65bfe4ed,Milliliter,59.147,1.0,2025-11-27T00:53:50.022Z,2025-11-27T00:53:51Z,false
01a0d24b1f254c3dac98d9cb65bfe4ed,Serving,1.0,3.0,2025-11-27T00:53:50.023Z,2025-11-27T00:53:51Z,false
01e159560b6748afa4d1d5c22ec3f09a,Serving,1.0,1.0,2025-04-16T20:09:46.809Z,2025-04-16T20:09:49Z,false
0224ab010e1a40378ff5d87cf928f771,Ounce,0.75,1.0,2025-01-17T20:52:33.889Z,2025-01-17T20:52:37Z,false
0224ab010e1a40378ff5d87cf928f771,Gram,21.2621,1.0,2025-01-17T20:52:33.889Z,2025-01-17T20:52:37Z,false
0224ab010e1a40378ff5d87cf928f771,Slice,1.0,1.0,2025-01-17T20:52:33.889Z,2025-01-17T20:52:37Z,false
02347f37df9240d1be8ecbd685753222,Ounce,1.0,1.0,2025-02-14T01:14:20.424Z,2025-02-14T01:14:21Z,false
02347f37df9240d1be8ecbd685753222,Gram,28.3495,1.0,2025-02-14T01:14:20.425Z,2025-02-14T01:14:21Z,false
0276831a5ec444f89180116c2e263643,Each,1.0,1.0,2024-02-01T01:14:10Z,2024-02-27T02:39:31Z,false
0276831a5ec444f89180116c2e263643,Gram,112.0,1.0,2024-02-01T01:14:10Z,2024-02-27T02:39:31Z,false
02ac28010da3433e80cda3ec947f2d01,Gram,30.0,1.05822,2025-03-25T03:05:21.368Z,2025-03-25T03:05:25Z,false
033740e862a541999ea713510d074ba2,Gram,470.0,3.98305,2025-03-25T03:05:21.367Z,2025-03-25T03:05:25Z,false
0413f4954e4e486486e6644a540bc03e,Gram,125.0,1.0,2025-03-28T21:57:31.647Z,2025-03-28T21:57:36Z,false
043f093a9a6e4d1283678f991872926d,Gram,92.0,1.0,2025-02-08T04:55:34.576Z,2025-02-08T04:55:35Z,false
044be741892144d1ac51d25f5765f55d,Container,1.0,1.0,2025-12-16T15:00:26.819Z,2025-12-16T15:00:28Z,false
04ad320049e745db9bd8c17303f56190,Cup,0.5,0.45,2024-01-31T03:14:35Z,2024-01-31T03:14:36Z,false
04ad320049e745db9bd8c17303f56190,Gram,200.0,2.0,2024-01-31T03:14:35Z,2024-01-31T03:14:36Z,false
04ad320049e745db9bd8c17303f56190,Milliliter,262.876,1.0,2024-01-31T03:14:35Z,2024-01-31T03:14:36Z,false
050a62600e6f43e0931888f88487cd67,Each,2.0,1.0,2025-01-18T05:55:31.371Z,2025-01-18T05:55:32Z,false
050a62600e6f43e0931888f88487cd67,Gram,26.0,1.0,2025-01-18T05:55:31.372Z,2025-01-18T05:55:32Z,false
052a9695315944c6a05984a9f4cccf91,Each,1.0,1.0,2025-12-10T23:21:16.875Z,2025-12-10T23:21:18Z,false
05e075cb910e4de899b406620cb837af,Cup,1.0,1.0,2025-03-26T18:39:45.714Z,2025-03-26T18:39:46Z,false
05e075cb910e4de899b406620cb837af,Gram,130.0,1.0,2025-03-26T18:39:45.714Z,2025-03-26T18:39:46Z,false
05e075cb910e4de899b406620cb837af,Milliliter,236.588,1.0,2025-03-26T18:39:45.714Z,2025-03-26T18:39:46Z,false
0657d1a4b3724e229e1a555679b499bd,Fluid ounce,0.75,0.75,2025-01-16T05:46:15.765Z,2025-01-16T05:46:22Z,false
0669c70cf9bd4f3c862e9b11352b45f4,Gram,25.0,1.0,2025-02-05T20:12:46.836Z,2025-02-05T20:12:48Z,false
0669c70cf9bd4f3c862e9b11352b45f4,Slice,1.0,1.0,2025-02-05T20:12:46.837Z,2025-02-05T20:12:48Z,false
069e9175b80944f18f97de85a7ac8b5f,Ounce,1.0,1.01248,2025-01-05T01:18:14.480Z,2025-01-05T01:18:15Z,false
06b24bfcd2264983baa4b9186bee2b60,Stick,2.0,16.0,2025-01-12T05:40:21.136Z,2025-01-12T05:40:24Z,false
07064ffec22441e8a56b6f1eaacbed1f,Each,1.0,1.0,2025-11-23T22:50:10.177Z,2025-11-23T22:50:11Z,false
07064ffec22441e8a56b6f1eaacbed1f,Gram,11.0,1.0,2025-11-23T22:50:10.180Z,2025-11-23T22:50:11Z,false
07abde46071d4dac9c1281c8f0ebd753,Gram,85.0,1.0,2025-02-07T01:10:32.611Z,2025-02-07T01:10:40Z,false
084c2cdd9c174e8ea76a00b06b98b7c3,Serving,1.0,1.0,2024-03-01T01:50:50.357Z,2024-03-01T01:50:51Z,false
0859020e87e444b79dad9f879c8a931c,Ounce,12.0,1.0,2023-11-30T00:56:25.158Z,2023-11-30T00:56:26Z,false
0859020e87e444b79dad9f879c8a931c,Gram,340.194,1.0,2023-11-30T00:56:25.158Z,2023-11-30T00:56:26Z,false
087a225c6d1c4c3e816cf7ece7744c97,Gram,84.0,1.0,2024-01-30T16:11:32.224Z,2024-01-30T16:11:33Z,false
08a7cc3848b243d08efcb08c4138ef2b,Gram,319.0,1.0,2025-04-01T18:43:03.484Z,2025-04-01T18:43:04Z,false
08a7cc3848b243d08efcb08c4138ef2b,Package,1.0,1.0,2025-04-01T18:43:03.483Z,2025-04-01T18:43:04Z,false
08d81425b846454b9e43634ee612657f,Ounce,2.0,1.0,2025-04-15T23:50:43.503Z,2025-04-15T23:50:45Z,false
09a4028a37e74e1a82e42b74e8337bc4,Tablespoon,1.0,0.73934,2025-03-26T23:21:13.082Z,2025-03-26T23:21:14Z,false
09a4028a37e74e1a82e42b74e8337bc4,Milliliter,20.0,1.0,2025-03-26T23:21:13.083Z,2025-03-26T23:21:14Z,false
09a4028a37e74e1a82e42b74e8337bc4,Tablespoon,1.0,1.0,2025-03-26T23:21:13.083Z,2025-03-26T23:21:14Z,false
09d27a645d7b4158bc4b44f48dbb6072,Cup,0.334,16.032,2025-01-04T01:03:01.601Z,2025-01-04T01:03:08Z,false
0a092117f85a4a3aa7026dc7940eefb7,Cup,0.5,1.0,2024-02-10T02:01:54.226Z,2024-02-10T02:01:55Z,false
0a092117f85a4a3aa7026dc7940eefb7,Milliliter,118.294,1.0,2024-02-10T02:01:54.226Z,2024-02-10T02:01:55Z,false
0a269ce668f8400594adb4fc15dca45e,Cup,0.25,7.99999,2025-01-12T05:40:21.120Z,2025-01-12T05:40:24Z,false
0a2e5a26526c478ba58982438ab8596e,Piece,1.0,1.0,2025-01-13T05:37:17.562Z,2025-01-13T05:37:18Z,false
0a2e5a26526c478ba58982438ab8596e,Gram,15.0,1.0,2025-01-13T05:37:17.563Z,2025-01-13T05:37:18Z,false
0a71e5fc3b93469faabf582136f5e96b,Serving,1.0,1.0,2025-03-25T22:13:56.860Z,2025-03-25T22:13:58Z,false
0ac19903026440c0a488b6eef02f83a0,Gram,100.0,1.0,2025-03-06T23:54:58.695Z,2025-03-06T23:54:59Z,false
0b1917ce0184402684aef6bcdb4a7ac4,Serving,2.14,2.14,2024-03-01T20:15:42.640Z,2024-03-01T20:15:43Z,false
0b929159497a444b91bf1147c6d9d075,Serving,0.5,1.0,2023-12-01T02:26:23.625Z,2023-12-01T02:26:25Z,false
0b9e557c0eea40e88a1a00a2685156dc,Each,1.0,0.24,2025-01-06T20:19:14.354Z,2025-01-06T20:19:16Z,false
0ba0e00f147e4262ac5446ea2b4d9369,Each,15.0,1.0,2024-02-28T20:23:48.922Z,2024-02-28T20:23:50Z,false
0bc8143dd40c4fc6b6dc28b1a3fad217,Cup,0.5,1.0,2025-04-15T23:46:33.996Z,2025-04-15T23:46:36Z,false
0bc8143dd40c4fc6b6dc28b1a3fad217,Gram,125.0,1.0,2025-04-15T23:46:33.996Z,2025-04-15T23:46:36Z,false
0bc8143dd40c4fc6b6dc28b1a3fad217,Milliliter,118.294,1.0,2025-04-15T23:46:33.996Z,2025-04-15T23:46:36Z,false
0bc8143dd40c4fc6b6dc28b1a3fad217,Serving,1.0,1.0,2025-04-15T23:46:33.997Z,2025-04-15T23:46:36Z,false
0beeb09155b944e88c7089885435aba8,Package,1.0,1.0,2025-11-23T21:00:52.037Z,2025-11-23T21:00:53Z,false
0c12015000664d8e94755688f82eb116,Gram,54.0,1.0,2024-01-28T16:46:32.409Z,2024-01-28T16:46:34Z,false
0d24bb5874654d9b8c9b484c09e857f3,Piece,9.0,1.0,2025-12-11T20:22:46.412Z,2025-12-11T20:22:53Z,false
0d24bb5874654d9b8c9b484c09e857f3,Ounce,0.99,1.0,2025-12-11T20:22:46.412Z,2025-12-11T20:22:53Z,false
0d24bb5874654d9b8c9b484c09e857f3,Gram,27.72,1.0,2025-12-11T20:22:46.412Z,2025-12-11T20:22:53Z,false
0d9b0b2cd0354c45a95f63dcca91d277,Ounce,3.0,1.01248,2024-03-09T08:23:27.530Z,2024-03-09T08:23:37Z,false
0da83b5ac8704956a8589b915ef4b85e,Gram,162.5,1.0,2025-12-15T05:28:19.881Z,2025-12-15T05:28:21Z,false
0da83b5ac8704956a8589b915ef4b85e,Slice,1.0,1.0,2025-12-15T05:28:19.881Z,2025-12-15T05:28:21Z,false
0dbc57b07909436ea6bd820f00b2569a,Cup,0.308943,1.0,2025-11-22T07:50:07.281Z,2025-11-22T07:50:09Z,false
0dbc57b07909436ea6bd820f00b2569a,Each,20.0,1.0,2025-11-22T07:50:07.281Z,2025-11-22T07:50:09Z,false
0dbc57b07909436ea6bd820f00b2569a,Gram,38.0,1.0,2025-11-22T07:50:07.281Z,2025-11-22T07:50:09Z,false
0dbc57b07909436ea6bd820f00b2569a,Milliliter,73.0922,1.0,2025-11-22T07:50:07.281Z,2025-11-22T07:50:09Z,false
0dee7c0fbfa1434da34b8b0aad4be828,Serving,1.0,1.0,2025-01-05T20:29:01.693Z,2025-01-05T20:29:03Z,false
0e2ef08038024089ae76c7749613e4bc,Piece,3.0,1.0,2025-01-17T06:50:32.387Z,2025-01-17T06:50:33Z,false
0f9f50b2b5e740be8d1a4016266ba8b0,Piece,4.0,0.164,2025-02-18T21:54:34.838Z,2025-02-18T21:54:36Z,false
0f9f50b2b5e740be8d1a4016266ba8b0,Gram,49.3,1.0,2025-02-18T21:54:34.838Z,2025-02-18T21:54:36Z,false
100ecc26ff034772898731efba4998f4,Serving,1.0,1.0,2025-01-30T04:09:26.213Z,2025-01-30T04:32:13Z,false
102a0d1b6bf5474392b625ec6a2a3bbc,Fluid ounce,8.0,2.48,2024-01-18T03:07:52.883Z,2024-01-18T03:07:54Z,false
10bf9f8662674dbf9583600e259264e5,Cup,0.5,1.80645,2025-01-08T01:27:29.563Z,2025-01-08T01:27:31Z,false
113f9de191fa488e8dc894f52ca57d85,Each,1.0,1.0,2025-03-27T21:59:37.844Z,2025-03-27T21:59:38Z,false
11484b127ced4b99be9fa583af927e06,Piece,1.0,1.0,2026-01-08T02:05:47.203Z,2026-01-08T02:05:47Z,false
117697a962ed40af9f9048b20d7ed9c1,Serving,1.0,1.0,2025-01-07T06:18:56.658Z,2025-01-07T06:18:58Z,false
11cf1fa15bab47c5ba91df65bada4e6b,Piece,11.0,1.0,2025-03-05T20:41:56.955Z,2025-03-05T20:41:58Z,false
11cf1fa15bab47c5ba91df65bada4e6b,Gram,28.0,1.0,2025-03-05T20:41:56.955Z,2025-03-05T20:41:58Z,false
1258e4ead0d6436fbcb80d6bfe406ef4,Serving,1.0,1.0,2025-12-14T01:13:24.296Z,2025-12-14T01:13:25Z,false
1259a02af65a4cd6b468320abcf79bf6,Ounce,4.0,1.0,2025-12-13T15:29:00.404Z,2025-12-13T15:29:08Z,false
12661368653f44b0ab41fcd5c6732195,Cup,0.25,1.0,2024-02-04T02:30:21.196Z,2024-02-04T02:30:22Z,false
129b97fa5e9e407393e77e41240774e6,Piece,1.0,0.5,2025-01-21T23:13:22.046Z,2025-01-21T23:13:24Z,false
12d83245ad864c17994d33b2b7ab2c0d,Piece,0.5,0.5,2025-03-28T23:04:44.137Z,2025-03-28T23:04:45Z,false
12d83245ad864c17994d33b2b7ab2c0d,Gram,85.0,1.0,2025-03-28T23:04:44.138Z,2025-03-28T23:04:45Z,false
1362ab6cd17c4a0eb05823eb13fd0176,Cup,1.0,1.0,2024-02-07T01:59:02Z,2024-02-07T01:59:02Z,false
1362ab6cd17c4a0eb05823eb13fd0176,Gram,150.0,1.0,2024-02-07T01:59:02Z,2024-02-07T01:59:02Z,false
1362ab6cd17c4a0eb05823eb13fd0176,Milliliter,236.588,1.0,2024-02-07T01:59:02Z,2024-02-07T01:59:02Z,false
1362ab6cd17c4a0eb05823eb13fd0176,Serving,1.0,1.0,2024-02-07T01:59:02Z,2024-02-07T01:59:02Z,false
13fd3ff6afdb4008be80d1230ce8e025,Fluid ounce,1.0,1.0,2024-03-19T04:57:42.798Z,2024-03-19T04:57:45Z,false
140e7a43fcb0467f8865b551721f75e4,Piece,1.0,1.0,2024-01-25T06:13:43.821Z,2024-01-25T06:13:44Z,false
140e7a43fcb0467f8865b551721f75e4,Gram,25.0,1.0,2024-01-25T06:13:43.821Z,2024-01-25T06:13:44Z,false
143c725584eb41939f98386dd75da0b3,Gram,53.4,0.953571,2025-12-16T01:38:13.235Z,2025-12-16T01:38:45Z,false
147b1e845b7e4080a51b292a16f76389,Serving,1.0,1.0,2025-01-10T04:10:08.026Z,2025-01-10T04:10:15Z,false
151669c2ccb940fdae977a4dddb1d57c,Serving,1.0,1.0,2025-01-12T05:40:21.138Z,2025-01-12T05:40:24Z,false
158bb7ba978e490c8d2af40685ec4377,Gram,56.0,1.0,2023-11-30T01:17:40.489Z,2023-11-30T01:17:41Z,false
162fe4184f264a1cb6ff2ab0fb05be3b,Serving,1.0,1.0,2025-12-08T04:24:51.003Z,2025-12-08T04:24:52Z,false
1669f425a1b546a38fd5a9c48edb752a,Gram,28.0,1.0,2025-02-14T01:13:52.403Z,2025-02-14T01:13:53Z,false
1793c5c8b8e44f22b2621f98eca0fe7b,Pound,1.5,6.0,2025-04-02T00:25:53.605Z,2025-04-02T00:25:57Z,false
179ea6a69de642efb9e259919d7608ea,Each,1.0,1.0,2025-11-23T00:15:19.397Z,2025-11-23T00:15:21Z,false
179ea6a69de642efb9e259919d7608ea,Gram,149.0,1.0,2025-11-23T00:15:19.399Z,2025-11-23T00:15:21Z,false
180d3461f2d14cfaaba94c256f7946c0,Serving,1.0,1.0,2025-01-14T03:09:43.229Z,2025-01-14T03:09:46Z,false
1912ac598c994e3bb7213fd2b85896cf,Gram,258.0,1.0,2024-01-29T06:46:24.738Z,2024-01-29T06:46:25Z,false
1912ac598c994e3bb7213fd2b85896cf,Serving,3.0,1.0,2024-01-29T06:46:24.737Z,2024-01-29T06:46:25Z,false
19566bdd3f2544efa94152c824da73e3,Serving,1.0,1.0,2025-03-23T17:22:14.969Z,2025-03-23T17:22:16Z,false
19a8838af41a4d7bb911897a848ebf27,Teaspoon,1.0,1.0,2025-02-07T01:10:54.236Z,2025-02-07T01:10:55Z,false
1a898f747a5c46a4ab82b5094355335e,Serving,1.0,1.0,2025-01-11T04:33:08.531Z,2025-01-11T04:33:10Z,false
1ad9975f6e454287ae00b4a177a79c18,Ounce,8.0,56.699,2025-01-12T05:40:21.141Z,2025-01-12T05:40:24Z,false
1b6ed1a2cca7409fb420c4fad712c36d,Piece,2.0,0.333333,2024-01-19T03:18:37Z,2024-01-19T03:18:37Z,false
1b6ed1a2cca7409fb420c4fad712c36d,Gram,30.0,1.0,2024-01-19T03:18:37Z,2024-01-19T03:18:37Z,false
1bf7082897d84a949bbc3b6113c8716d,Serving,1.0,1.0,2025-03-21T23:50:12.617Z,2025-03-21T23:50:19Z,false
1c3accdfa72f483c8ee2ec8c34e06361,Ounce,4.0,1.0,2025-01-16T01:03:01.759Z,2025-01-16T01:03:05Z,false
1c3accdfa72f483c8ee2ec8c34e06361,Gram,113.398,1.0,2025-01-16T01:03:01.760Z,2025-01-16T01:03:05Z,false
1c882fe7625349018305d9d0ae3a2aaf,Ounce,6.0,1.0,2025-01-07T01:10:11.159Z,2025-01-07T01:10:12Z,false
1c882fe7625349018305d9d0ae3a2aaf,Gram,170.097,1.0,2025-01-07T01:10:11.159Z,2025-01-07T01:10:12Z,false
1d8f3bb644864a6c9cc043466a2668f3,Cup,2.0,1.0,2025-11-27T00:53:57.444Z,2025-11-27T00:53:58Z,false
1d8f3bb644864a6c9cc043466a2668f3,Gram,100.0,1.0,2025-11-27T00:53:57.447Z,2025-11-27T00:53:58Z,false
1d8f3bb644864a6c9cc043466a2668f3,Milliliter,473.176,1.0,2025-11-27T00:53:57.448Z,2025-11-27T00:53:58Z,false
1d8f3bb644864a6c9cc043466a2668f3,Serving,1.0,1.0,2025-11-27T00:53:57.448Z,2025-11-27T00:53:58Z,false
1dc6a78babc74247b398d776db5ec581,Piece,17.0,1.0,2025-02-17T01:48:36.748Z,2025-02-17T01:48:38Z,false
1dde4b8b04d54f3a96f01b283f7e5822,Gram,100.0,1.0,2025-02-17T22:10:40.135Z,2025-02-17T22:10:43Z,false
1e62ce1795c84924a100fbc24770b08c,Ounce,1.0,1.01248,2025-02-14T01:15:48.475Z,2025-02-14T01:15:49Z,false
1eada8d608184f68a226a0949fe674a6,Cup,1.0,1.0,2024-01-24T01:51:17Z,2024-01-24T01:51:17Z,false
1eada8d608184f68a226a0949fe674a6,Gram,112.0,1.0,2024-01-24T01:51:17Z,2024-01-24T01:51:17Z,false
1eada8d608184f68a226a0949fe674a6,Milliliter,236.588,1.0,2024-01-24T01:51:17Z,2024-01-24T01:51:17Z,false
1eada8d608184f68a226a0949fe674a6,Serving,1.75,1.75,2024-01-24T01:51:17Z,2024-01-24T01:51:17Z,false
1ebd5c87fb9b4999a97dab836b91d592,Serving,1.0,1.0,2024-01-24T01:24:52Z,2024-01-24T01:24:53Z,false
1eca3d784db54cf6a87abfa7403e8fbd,Cup,3.5,14.0,2025-01-12T05:40:21.112Z,2025-01-12T05:40:24Z,false
1ed2edc4b7eb412f9d11d4bfcc657950,Ounce,2.0,1.0,2024-01-22T02:01:16.337Z,2024-01-22T02:01:17Z,false
1ed2edc4b7eb412f9d11d4bfcc657950,Gram,56.699,1.0,2024-01-22T02:01:16.337Z,2024-01-22T02:01:17Z,false
1ee667971b4f4965a9900ceb8380ceb5,Piece,2.0,1.0,2025-04-16T18:18:51.502Z,2025-04-16T18:19:10Z,false
1f87ac9a96194e0c88015dd6a4be71bf,Each,1.0,1.0,2025-03-27T22:00:19.408Z,2025-03-27T22:00:20Z,false
1f87ac9a96194e0c88015dd6a4be71bf,Gram,57.0,1.0,2025-03-27T22:00:19.407Z,2025-03-27T22:00:20Z,false
1f87ac9a96194e0c88015dd6a4be71bf,Serving,1.0,1.0,2025-03-27T22:00:19.408Z,2025-03-27T22:00:20Z,false
1fa5a79a66dc475dbaaef92bf2a6be4f,Serving,1.0,1.0,2025-04-14T17:56:54.694Z,2025-04-14T19:04:44Z,false
205abd83012148a3a62c071799a250cc,Ounce,0.75,0.685875,2025-01-16T05:46:15.750Z,2025-01-16T05:46:22Z,false
20f8f8dc35ee44f194063cbe70996d18,Serving,1.0,1.0,2025-12-15T05:27:19.623Z,2025-12-15T05:27:30Z,false
214f6c61c60141e0bd39f355f42b9be3,Piece,2.0,1.0,2025-03-11T04:35:31.353Z,2025-03-11T04:35:32Z,false
214f6c61c60141e0bd39f355f42b9be3,Gram,24.0,1.0,2025-03-11T04:35:31.353Z,2025-03-11T04:35:32Z,false
214f6c61c60141e0bd39f355f42b9be3,Serving,1.0,1.0,2025-03-11T04:35:31.354Z,2025-03-11T04:35:32Z,false
2150119c48494286bfee45daf655833f,Piece,10.0,1.0,2025-04-15T00:39:25.376Z,2025-04-15T00:39:27Z,false
215a88b426fa462f8f3c9fe85749cd8c,Cup,0.25,1.0,2025-03-05T20:33:15.024Z,2025-03-05T20:33:16Z,false
215a88b426fa462f8f3c9fe85749cd8c,Gram,28.0,1.0,2025-03-05T20:33:15.024Z,2025-03-05T20:33:16Z,false
215a88b426fa462f8f3c9fe85749cd8c,Serving,2.0,2.0,2025-03-22T00:27:26.990Z,2025-03-22T00:27:30Z,false
216aeb899f414f0cb45e2711d64db16c,Gram,369.0,1.0,2025-04-14T19:04:54.881Z,2025-04-14T19:04:56Z,false
21f11f243f1448acb61a4a2be18402fb,Gram,135.0,1.0,2024-03-16T01:29:06.771Z,2024-03-16T01:29:07Z,false
22a8fea2d71242e0a5997b91895d59de,Cup,0.667,1.0,2025-02-05T06:15:31.324Z,2025-02-05T06:15:32Z,false
22a8fea2d71242e0a5997b91895d59de,Gram,88.0,1.0,2025-02-05T06:15:31.325Z,2025-02-05T06:15:32Z,false
22b5c590a83b4ade813392f1d169e9a5,Each,6.0,3.0,2025-12-11T16:28:23.786Z,2025-12-11T16:28:25Z,false
23312b5a6b4d47a3a457d5ed2248e125,Gram,170.0,0.5,2024-01-24T01:51:45Z,2024-01-24T01:51:46Z,false
2361a2909aaf4a66b7ffa916f4c5e803,Teaspoon,4.0,2.0,2025-01-04T01:03:01.594Z,2025-01-04T01:03:08Z,false
239790783e7c483b80ca887a6b6fb652,Stick,1.0,1.0,2025-03-25T03:05:20.751Z,2025-03-25T03:05:25Z,false
23d44fe5dd334c4ea13e1bddddc7e439,Each,1.0,1.0,2025-01-16T05:46:15.758Z,2025-01-16T05:46:22Z,false
2435c5e5a1a54c40826b18507cf1d5e9,Cup,0.125,0.25,2024-01-24T01:53:45Z,2024-01-24T01:53:45Z,false
2435c5e5a1a54c40826b18507cf1d5e9,Gram,34.0,1.0,2024-01-24T01:53:45Z,2024-01-24T01:53:45Z,false
2435c5e5a1a54c40826b18507cf1d5e9,Milliliter,118.294,1.0,2024-01-24T01:53:45Z,2024-01-24T01:53:45Z,false
253ac54ce80d4c618ffff4df3b483cf6,Piece,1.0,1.0,2025-03-21T19:46:03.750Z,2025-03-21T19:46:05Z,false
253ac54ce80d4c618ffff4df3b483cf6,Gram,71.0,1.0,2025-03-21T19:46:03.750Z,2025-03-21T19:46:05Z,false
25e463021bff484bbc4871df51c2ae68,Tablespoon,1.0,1.0,2025-01-17T15:59:53.488Z,2025-01-17T15:59:55Z,false
25e463021bff484bbc4871df51c2ae68,Gram,7.2883,1.0,2025-01-17T15:59:53.488Z,2025-01-17T15:59:55Z,false
25e463021bff484bbc4871df51c2ae68,Milliliter,14.7868,1.0,2025-01-17T15:59:53.488Z,2025-01-17T15:59:55Z,false
2616fd517e8c4b64b2f6920f8f7edb5e,Each,1.0,1.0,2025-11-25T19:55:02.080Z,2025-11-25T19:55:08Z,false
265f8b22eca1475a9fe979534776c59f,Fluid ounce,5.98508,1.0,2025-04-17T22:11:29.575Z,2025-04-17T22:11:33Z,false
2671a455e295408d85347201b3a415ac,Tablespoon,2.0,2.0,2025-01-04T01:03:01.592Z,2025-01-04T01:03:08Z,false
2686dd41784243e2b6847d955570f261,Piece,2.0,1.0,2025-03-19T05:22:34.596Z,2025-03-19T05:22:36Z,false
29c21845ed244f308b694e30dbe41e92,Serving,1.0,1.0,2025-03-22T00:27:29.950Z,2025-03-22T00:27:31Z,false
2b33a2ce51f14bb281d93872d5213558,Gram,156.0,1.0,2024-03-14T00:32:34.392Z,2024-03-14T00:32:37Z,false
2b797a7fcc8e439e8b41c8d394fd8e78,Gram,15.0,1.0,2025-11-22T20:27:15.082Z,2025-11-22T20:27:16Z,false
2b797a7fcc8e439e8b41c8d394fd8e78,Slice,1.0,1.0,2025-11-22T20:27:15.085Z,2025-11-22T20:27:16Z,false
2b8cc373c4914792825ffddbe1d0ef22,Serving,1.0,1.0,2024-02-09T05:53:11.406Z,2024-02-09T05:53:12Z,false
2bf31469922f4bf8b3b2acb87a7f37fd,Ounce,4.0,1.0,2025-01-30T01:25:06.690Z,2025-01-30T01:25:08Z,false
2bf31469922f4bf8b3b2acb87a7f37fd,Gram,113.398,1.0,2025-01-30T01:25:06.690Z,2025-01-30T01:25:08Z,false
2cb741bf961e435dbb5f47e7650a9b27,Piece,5.0,1.0,2024-03-05T01:59:38.732Z,2024-03-05T01:59:39Z,false
2ddf1b19ff914693863b08299ebcaccd,Serving,1.0,1.0,2025-01-20T01:12:34.087Z,2025-01-20T01:12:35Z,false
2df80e83cb00445fa43c7efe75cb53d9,Fluid ounce,1.0,0.278,2025-02-19T04:36:09.337Z,2025-02-19T04:36:10Z,false
2e2bc36cee0c439395f4c06fbec9976d,Gram,20.0,1.0,2024-03-08T06:52:21.930Z,2024-03-08T06:52:54Z,false
2eb9d6f3d0b547d79ed22f376a80784d,Gram,85.0,1.0,2025-01-02T19:54:43.398Z,2025-01-02T19:54:44Z,false
2eb9d6f3d0b547d79ed22f376a80784d,Serving,1.0,1.0,2025-01-02T19:54:43.399Z,2025-01-02T19:54:44Z,false
2fefd4d0f9084375906fa4a1cfd71893,Ounce,2.0,1.0,2024-02-28T04:23:55.309Z,2024-02-28T04:23:56Z,false
3019a0621fb84bc897595672f5b148a0,Serving,1.0,1.0,2025-01-16T02:52:37.909Z,2025-01-16T02:52:39Z,false
303f0e6db1b24ebfa6de590e59c0e97d,Piece,12.0,1.0,2025-12-07T19:16:38.770Z,2025-12-07T19:17:06Z,false
303f0e6db1b24ebfa6de590e59c0e97d,Gram,28.0,1.0,2025-12-07T19:16:38.770Z,2025-12-07T19:17:06Z,false
31288ded108d44aba9cc9ff5449305fe,Gram,28.0,1.0,2026-01-07T23:55:25.256Z,2026-01-07T23:55:26Z,false
31ef63ac780c4b8c8c01c3d3792e5b76,Each,1.0,1.0,2025-01-17T05:33:11.855Z,2025-01-17T05:33:13Z,false
3204138be6c341deae4e8f5710471a8d,Fluid ounce,1.5,1.5,2024-01-23T05:20:21.537Z,2024-01-23T05:20:34Z,false
324c2b06414f48848cc8e13297c75d2d,Each,1.0,1.0,2024-03-19T06:36:19.884Z,2024-03-19T06:36:21Z,false
324c2b06414f48848cc8e13297c75d2d,Gram,13.0,1.0,2024-03-19T06:36:19.885Z,2024-03-19T06:36:21Z,false
338a64b452a4492dbbdb6c14b1e17162,Gram,112.0,1.0,2025-01-16T01:11:54.627Z,2025-01-16T01:13:20Z,false
34030ba0f04c47d88ae46b654ab7d559,Gram,28.0,1.0,2024-02-28T02:52:50.694Z,2024-02-28T02:52:51Z,false
34030ba0f04c47d88ae46b654ab7d559,Package,1.0,1.0,2024-02-28T02:52:50.695Z,2024-02-28T02:52:51Z,false
34529f5432654916b9341de0577210fb,Piece,35.0,1.0,2025-04-15T19:11:24.802Z,2025-04-15T19:11:27Z,false
34529f5432654916b9341de0577210fb,Gram,30.0,1.0,2025-04-15T19:11:24.801Z,2025-04-15T19:11:27Z,false
34529f5432654916b9341de0577210fb,Serving,6.0,1.0,2025-04-15T19:11:24.802Z,2025-04-15T19:11:27Z,false
3538b0a94d66405a8f2c0ea209861735,Serving,1.0,1.0,2025-12-14T18:36:41.275Z,2025-12-14T18:36:43Z,false
35cd743aa2bf464fa577ebfed7633f82,Cup,0.25,0.5,2024-03-19T01:55:14Z,2024-03-19T01:55:14Z,false
35cd743aa2bf464fa577ebfed7633f82,Gram,34.0,1.0,2024-03-19T01:55:14Z,2024-03-19T01:55:14Z,false
35cd743aa2bf464fa577ebfed7633f82,Milliliter,118.294,1.0,2024-03-19T01:55:14Z,2024-03-19T01:55:14Z,false
35f50845f15a48d3922824ffe1de860a,Cup,2.0,1.0,2025-04-17T22:10:53.766Z,2025-04-17T22:10:56Z,false
35f50845f15a48d3922824ffe1de860a,Gram,200.0,1.0,2025-04-17T22:10:53.767Z,2025-04-17T22:10:56Z,false
36734097da6649bc9aab6996335a39ad,Tablespoon,1.0,1.0,2025-04-15T00:39:53.333Z,2025-04-15T00:39:54Z,false
36734097da6649bc9aab6996335a39ad,Milliliter,14.7868,1.0,2025-04-15T00:39:53.333Z,2025-04-15T00:39:54Z,false
36920770bd724d21bbdd0e3ab1ba59f2,Serving,1.0,1.0,2025-01-04T01:45:37.842Z,2025-01-04T02:02:03Z,false
36c7163773984bf49c47c7b34e03f655,Serving,1.0,1.0,2025-02-17T03:44:51.138Z,2025-02-17T03:44:53Z,false
36e8981531dd4ea2af7074ecd7491b8f,Fluid ounce,1.5,0.417,2025-12-13T15:27:59.066Z,2025-12-13T15:29:07Z,false
374694a5fc01419b9c86660a8df8e9f8,Gram,30.0,2.0,2025-02-06T05:56:35.492Z,2025-02-06T05:56:36Z,false
374fb83959374b34b0f08b27b590d86c,Ounce,2.0,1.33333,2025-03-21T21:39:40.559Z,2025-03-21T21:39:43Z,false
37dfe1a9a3ba4b149e7710cf04c68dcc,Piece,9.0,1.0,2025-01-28T04:49:06.316Z,2025-01-28T04:49:07Z,false
37dfe1a9a3ba4b149e7710cf04c68dcc,Gram,31.0,1.0,2025-01-28T04:49:06.317Z,2025-01-28T04:49:07Z,false
380ca8e340a04725a7b9463586cecdfd,Piece,7.0,1.0,2025-01-20T01:31:21.353Z,2025-01-20T01:31:22Z,false
391d177402b24f86b23fd1e82025eacc,Ounce,2.0,1.0,2024-02-14T03:24:57.243Z,2024-02-14T03:25:00Z,false
3a0d2c0b6153483a937cfb1f05f48461,Fluid ounce,12.0,1.0,2025-03-18T22:35:21.400Z,2025-03-18T22:35:23Z,false
3a0d2c0b6153483a937cfb1f05f48461,Milliliter,354.882,1.0,2025-03-18T22:35:21.400Z,2025-03-18T22:35:23Z,false
3a5b0f70381548bd8d8ce30b40e28aa0,Serving,1.0,1.0,2025-03-21T01:12:58.333Z,2025-03-21T01:12:59Z,false
3ab9920c7f3f4e5486317f3118a8db6b,Each,1.0,1.0,2023-11-28T06:26:41.117Z,2023-11-28T06:26:41Z,false
3b38ffaa6d584fdbb8ff29d8770debc4,Slice,2.0,2.0,2025-11-25T19:54:56.534Z,2025-11-25T19:55:08Z,false
3b9d7cd804494323813fbac9c18e9278,Piece,4.0,1.0,2025-01-05T00:50:06.054Z,2025-01-05T00:50:07Z,false
3b9d7cd804494323813fbac9c18e9278,Gram,17.0,1.0,2025-01-05T00:50:06.055Z,2025-01-05T00:50:07Z,false
3c156ca03c3c437d89e5234aae16cc67,Cup,1.0,1.0,2024-01-22T05:36:48.956Z,2024-01-22T06:12:17Z,false
3c27d4ab816147aebdd0dff48f830a55,Piece,12.0,1.0,2025-03-05T01:00:11.323Z,2025-03-05T01:00:12Z,false
3c27d4ab816147aebdd0dff48f830a55,Gram,28.0,1.0,2025-03-05T01:00:11.323Z,2025-03-05T01:00:12Z,false
3c51d06d15844a3f94972f288421ccc5,Piece,8.0,1.0,2025-03-22T18:55:50.848Z,2025-03-22T18:55:52Z,false
3c5d53243ebb436db11017b3a1905aad,Gram,100.0,1.0,2025-12-16T04:15:33.434Z,2025-12-16T04:15:34Z,false
3c5d53243ebb436db11017b3a1905aad,Fluid ounce,7.5,2.205,2025-12-16T04:15:33.434Z,2025-12-16T04:15:34Z,false
3c5d53243ebb436db11017b3a1905aad,Milliliter,221.801,2.205,2025-12-16T04:15:33.434Z,2025-12-16T04:15:34Z,false
3c5d53243ebb436db11017b3a1905aad,Bottle,1.0,7.5,2025-12-16T04:15:33.434Z,2025-12-16T04:15:34Z,false
3e95bc35ab11460689a946e4c087f09e,Each,0.5,1.0,2024-01-17T03:27:09Z,2024-01-17T03:27:09Z,false
3ebbdd1b3e8445cfb7260add0e57fe74,Piece,14.0,1.0,2025-04-15T18:35:09.601Z,2025-04-15T18:36:21Z,false
3ebbdd1b3e8445cfb7260add0e57fe74,Gram,28.0,1.0,2025-04-15T18:35:09.602Z,2025-04-15T18:36:21Z,false
3f585e54a7c945fbb5764feba5fa0982,Serving,1.0,1.0,2025-02-03T00:51:25.114Z,2025-02-03T00:51:25Z,false
3f785c5fa1384d22a54ea9bd55156112,Piece,5.0,1.0,2025-02-15T15:27:32.343Z,2025-02-15T15:27:33Z,false
4013498881c449c9a7f9b19748c6e562,Each,1.0,1.0,2023-12-01T00:17:24Z,2023-12-01T00:17:25Z,false
40448a0929734c53807c6bd8c224b935,Piece,3.0,1.0,2025-01-31T01:41:48.480Z,2025-01-31T01:41:49Z,false
40448a0929734c53807c6bd8c224b935,Gram,30.0,1.0,2025-01-31T01:41:48.480Z,2025-01-31T01:41:49Z,false
4084ca0537164f7fbbe5e64769c6b388,Ounce,2.0,1.0,2025-12-14T20:03:25.338Z,2025-12-14T20:03:25Z,false
408b6eb7b937497d954e889f1fab008a,Ounce,0.75,1.51872,2025-03-21T21:39:40.563Z,2025-03-21T21:39:43Z,false
40d7e38db7264b12a97db2069977f144,Each,2.0,2.0,2025-03-25T03:05:21.362Z,2025-03-25T03:05:25Z,false
41238f97542d4542a64813c62a5b186e,Gram,269.0,1.0,2025-03-27T18:28:19.801Z,2025-03-27T18:28:45Z,false
41238f97542d4542a64813c62a5b186e,Serving,1.0,1.0,2025-03-27T18:28:19.802Z,2025-03-27T18:28:45Z,false
41e9156ed7c5407385f779a0377d8ec5,Piece,8.0,1.0,2023-11-30T06:44:57.943Z,2023-11-30T06:44:59Z,false
4219e487ca1140858ed948c99718f9da,Ounce,4.0,1.0,2025-02-18T01:28:33.505Z,2025-02-18T01:28:34Z,false
4219e487ca1140858ed948c99718f9da,Gram,113.398,1.0,2025-02-18T01:28:33.505Z,2025-02-18T01:28:34Z,false
42277f67de204506ad330cecfb352138,Each,4.0,2.0,2025-03-10T00:03:27.411Z,2025-03-10T00:03:28Z,false
42277f67de204506ad330cecfb352138,Gram,71.0,1.0,2025-03-10T00:03:27.411Z,2025-03-10T00:03:28Z,false
4262db6688c0463ba4b929e459a6f7f5,Each,1.0,1.0,2024-03-12T21:50:56Z,2024-03-21T21:39:01Z,false
4262db6688c0463ba4b929e459a6f7f5,Gram,24.0,1.0,2024-03-12T21:50:56Z,2024-03-21T21:39:01Z,false
42f9f715c58a44d8ba004a5dbf239755,Serving,2.0,2.0,2025-11-25T04:18:07.895Z,2025-11-25T04:18:09Z,false
448929b9e5af4c48b83c5ae0fdf835e5,Gram,50.0,1.0,2024-03-14T00:30:56.502Z,2024-03-14T00:30:57Z,false
4508340cb4544c629398470bb8b1a16c,Gram,300.0,1.0,2025-02-01T00:00:29.108Z,2025-02-01T00:00:30Z,false
4508340cb4544c629398470bb8b1a16c,Serving,3.0,1.0,2025-02-01T00:00:29.107Z,2025-02-01T00:00:30Z,false
4527f4b1dc0447229dd43de6b25a0615,Tablespoon,1.0,1.0,2025-01-08T16:05:26.416Z,2025-01-08T16:05:31Z,false
4527f4b1dc0447229dd43de6b25a0615,Gram,20.0,1.0,2025-01-08T16:05:26.415Z,2025-01-08T16:05:31Z,false
4527f4b1dc0447229dd43de6b25a0615,Milliliter,14.7868,1.0,2025-01-08T16:05:26.417Z,2025-01-08T16:05:31Z,false
45a11c36799545b58681e084877ac859,Milliliter,15.0,0.507211,2025-01-12T03:13:57.951Z,2025-01-12T03:13:59Z,false
4651877811dc4ac69ce78ae6d327a502,Gram,26.0,1.0,2025-01-16T06:06:31.468Z,2025-01-16T06:06:32Z,false
46fb595440ac43be8700f299bd28cb6c,Serving,3.0,3.0,2024-01-17T02:23:18Z,2024-01-17T02:23:18Z,false
47c5b223db1949d7be4f8c567b5fe6d6,Serving,1.0,1.0,2025-04-03T20:33:49.103Z,2025-04-03T20:33:52Z,false
47d7e9c9f95548fca9589a2665d4a26a,Serving,1.0,1.0,2025-01-08T01:28:05.370Z,2025-01-08T01:28:07Z,false
480babb19f2a4ca9b0f4513aa616ad6b,Gram,19.0,1.0,2025-12-15T19:39:38.560Z,2025-12-15T19:39:39Z,false
480babb19f2a4ca9b0f4513aa616ad6b,Slice,2.0,1.0,2025-12-15T19:39:38.560Z,2025-12-15T19:39:39Z,false
49324ae129f04f719496c993cb99e990,Piece,1.0,1.0,2025-12-16T17:07:56.210Z,2025-12-16T17:07:58Z,false
49324ae129f04f719496c993cb99e990,Gram,19.0,1.0,2025-12-16T17:07:56.210Z,2025-12-16T17:07:58Z,false
499c418aefd846f8ae9631cf73efff2e,Serving,1.0,1.0,2025-01-05T04:02:53.452Z,2025-01-05T04:02:55Z,false
4a6fddcf27e347eab07a392553c819d3,Serving,1.0,1.0,2025-02-14T23:46:11.677Z,2025-02-14T23:46:13Z,false
4af2dede0f4c414aaba74cfc74a28983,Ounce,3.0,1.0,2025-12-11T05:10:59.746Z,2025-12-11T05:11:01Z,false
4af2dede0f4c414aaba74cfc74a28983,Gram,85.0485,1.0,2025-12-11T05:10:59.746Z,2025-12-11T05:11:01Z,false
4bbf532c18f14bdd9c7a9c5231f1c7af,Gram,340.0,1.0,2025-02-18T00:56:39.452Z,2025-02-18T00:56:40Z,false
4bbf532c18f14bdd9c7a9c5231f1c7af,Serving,0.25,1.0,2025-02-18T00:56:39.451Z,2025-02-18T00:56:40Z,false
4c28c939b28246949edeac367aedddc7,Cup,0.25,1.0,2025-02-16T01:44:40.527Z,2025-02-16T01:44:42Z,false
4c497919b10a41a8891bd87b818c2896,Serving,1.0,1.0,2024-02-15T03:42:39.315Z,2024-02-15T03:42:40Z,false
4dd2c06ed097461b8144cf5a7df9f4f2,Serving,1.0,1.0,2024-02-06T04:39:04.587Z,2024-02-06T04:39:07Z,false
4e6c175b6b484d56bbbb17159bae5488,Each,1.0,1.0,2025-02-09T15:51:18.653Z,2025-02-09T15:51:20Z,false
4e6c175b6b484d56bbbb17159bae5488,Gram,50.0,1.0,2025-02-09T15:51:18.653Z,2025-02-09T15:51:20Z,false
4ea2b20715084e5185963e14923be060,Ounce,5.0,1.0,2025-03-28T21:57:42.663Z,2025-03-28T21:57:43Z,false
4eb2efec62954fb8b19b66fe30dcbb8c,Gram,15.0,1.0,2023-11-30T06:59:21.022Z,2023-11-30T06:59:22Z,false
4ec9e8c4f262453e959a6b812f0d1b80,Cup,1.0,1.0,2025-01-20T21:55:28.546Z,2025-01-20T21:55:29Z,false
4ec9e8c4f262453e959a6b812f0d1b80,Gram,150.0,1.0,2025-01-20T21:55:28.546Z,2025-01-20T21:55:29Z,false
4ec9e8c4f262453e959a6b812f0d1b80,Milliliter,236.588,1.0,2025-01-20T21:55:28.547Z,2025-01-20T21:55:29Z,false
4ec9e8c4f262453e959a6b812f0d1b80,Dry Cup,1.0,1.0,2025-01-20T21:55:28.547Z,2025-01-20T21:55:29Z,false
4f5f677fbe014208bb4693e94f56ec32,Gram,68.0,1.3077,2025-01-04T15:17:10.789Z,2025-01-04T15:17:12Z,false
4f8055af373d4c508909942075a17c96,Tablespoon,1.0,1.0,2024-01-22T04:55:01.626Z,2024-01-22T04:55:02Z,false
4f8055af373d4c508909942075a17c96,Milliliter,14.7868,1.0,2024-01-22T04:55:01.627Z,2024-01-22T04:55:02Z,false
4f9a29cc7ddc45ada82d9b0b977cc4ec,Gram,100.0,1.0,2025-02-04T01:15:12.270Z,2025-02-04T01:15:20Z,false
4fa406b1f90e4b3391c1d136f1599a42,Ounce,4.0,1.0,2026-01-08T02:05:13.383Z,2026-01-08T02:05:24Z,false
4fa406b1f90e4b3391c1d136f1599a42,Gram,113.398,1.0,2026-01-08T02:05:13.383Z,2026-01-08T02:05:24Z,false
4ffbf12ebde04607bc6aa73256a7f268,Serving,1.0,1.0,2024-03-19T22:46:27Z,2024-03-19T22:46:27Z,false
501c0027ec394a829d09f8de0104cf69,Slice,2.0,1.0,2025-01-07T01:15:28.468Z,2025-01-07T01:15:30Z,false
50bb7b29ed72401cb4339a748de29a40,Cup,0.5,1.0,2024-03-22T02:20:42Z,2024-03-22T02:20:43Z,false
50bb7b29ed72401cb4339a748de29a40,Milliliter,118.294,1.0,2024-03-22T02:20:42Z,2024-03-22T02:20:43Z,false
50bb7b29ed72401cb4339a748de29a40,Serving,1.0,1.0,2024-03-22T02:20:42Z,2024-03-22T02:20:43Z,false
510bab6f5f0c4dbf97e3f40ecfb34c60,Gram,28.0,1.0,2024-01-27T18:19:17.802Z,2024-01-27T18:19:18Z,false
510bab6f5f0c4dbf97e3f40ecfb34c60,Dry Cup,0.25,1.0,2024-01-27T18:19:17.803Z,2024-01-27T18:19:18Z,false
511ced8318d8407b9ebb33a86a589c1b,Gram,32.0,1.0,2025-11-27T20:13:34.967Z,2025-11-27T20:13:36Z,false
511ced8318d8407b9ebb33a86a589c1b,Slice,1.0,1.0,2025-11-27T20:13:34.969Z,2025-11-27T20:13:36Z,false
512c00c3b4ec45f2895b9202e3aeba2e,Each,1.0,1.18,2025-01-09T03:43:34.569Z,2025-01-09T03:43:36Z,false
52c5ceaa4dd549a3bcaba1ff4b75ca96,Ounce,2.0,1.0,2025-01-10T16:18:01.724Z,2025-01-10T16:18:03Z,false
52c5ceaa4dd549a3bcaba1ff4b75ca96,Gram,56.699,1.0,2025-01-10T16:18:01.725Z,2025-01-10T16:18:03Z,false
52dbd0ffc0c741d7b8590fbd0fd8bb4a,Cup,0.25,1.0,2024-03-21T00:13:23.798Z,2024-03-21T00:13:24Z,false
52dbd0ffc0c741d7b8590fbd0fd8bb4a,Gram,42.0,1.0,2024-03-21T00:13:23.797Z,2024-03-21T00:13:24Z,false
52dbd0ffc0c741d7b8590fbd0fd8bb4a,Milliliter,59.147,1.0,2024-03-21T00:13:23.798Z,2024-03-21T00:13:24Z,false
52dbd0ffc0c741d7b8590fbd0fd8bb4a,Dry Cup,0.25,1.0,2024-03-21T00:13:23.798Z,2024-03-21T00:13:24Z,false
534b12d4363e4deaa341495fdc0fb608,Ounce,3.0,0.850485,2024-02-15T03:41:10.018Z,2024-02-15T03:41:11Z,false
53da489ff831492bb70a45d6c932170a,Ounce,8.0,1.0,2024-03-05T03:02:20.148Z,2024-03-05T03:02:21Z,false
53da489ff831492bb70a45d6c932170a,Gram,226.796,1.0,2024-03-05T03:02:20.149Z,2024-03-05T03:02:21Z,false
5470b0987338462f81573d0a9f0814b0,Cup,0.5,1.5015,2025-01-08T03:35:23.903Z,2025-01-08T03:50:02Z,false
55949e6b3f5c4684ae1105dc1153adb2,Serving,1.0,1.0,2025-03-20T19:00:53.433Z,2025-03-20T19:00:54Z,false
55bc733115a64f708ca8d353e9d24459,Gram,340.194,1.0,2024-03-01T03:07:19.149Z,2024-03-01T03:07:20Z,false
55bc733115a64f708ca8d353e9d24459,Fluid ounce,12.0,1.0,2024-03-01T03:07:19.149Z,2024-03-01T03:07:20Z,false
55bc733115a64f708ca8d353e9d24459,Milliliter,354.888,1.0,2024-03-01T03:07:19.149Z,2024-03-01T03:07:20Z,false
562488f925724282828017d74b62f962,Each,1.0,1.0,2024-03-02T01:28:54.729Z,2024-03-02T01:28:55Z,false
562488f925724282828017d74b62f962,Gram,64.0,1.0,2024-03-02T01:28:54.730Z,2024-03-02T01:28:55Z,false
5664da7887e9499491262a681544a6dd,Cup,0.5,1.25,2025-02-15T02:12:25.670Z,2025-02-15T02:12:27Z,false
56922110716a4ce8ab16feb6ed12e158,Each,2.0,1.0,2024-03-13T05:40:45.432Z,2024-03-13T05:40:46Z,false
56a9fd46838f4b8aa882c299bda4da84,Serving,1.0,1.0,2024-03-05T01:57:29.446Z,2024-03-05T01:57:30Z,false
57043c4d970c43e2bc0d050af5807e47,Gram,14.0,0.378378,2025-01-19T21:33:51.491Z,2025-01-19T21:33:52Z,false
57a8caa3c85f4777a9707c5fbdda0365,Piece,1.0,1.0,2025-04-03T06:11:28.730Z,2025-04-03T06:11:30Z,false
59634c37ca6d4ac4a0caebaa698b0429,Fluid ounce,1.0,1.0,2024-01-20T06:03:02.305Z,2024-01-20T06:03:05Z,false
59634c37ca6d4ac4a0caebaa698b0429,Milliliter,29.5735,1.0,2024-01-20T06:03:02.306Z,2024-01-20T06:03:05Z,false
5a5d28682745468bb3614f90497773c0,Serving,1.0,1.0,2025-02-04T00:34:02.256Z,2025-02-04T00:34:03Z,false
5a9196d58f7c46f5aa122a848250c8e7,Fluid ounce,2.0,0.556,2024-02-06T04:39:02.735Z,2024-02-06T04:39:07Z,false
5aa4bef3912546dd91986644498d8b78,Ounce,1.0,1.0,2024-03-14T00:31:59.089Z,2024-03-14T00:32:00Z,false
5aa4bef3912546dd91986644498d8b78,Gram,28.3495,1.0,2024-03-14T00:31:59.090Z,2024-03-14T00:32:00Z,false
5ad37770b0b8494bae68222805c51543,Gram,200.0,1.0,2025-01-18T01:33:20.954Z,2025-01-18T01:33:22Z,false
5ad37770b0b8494bae68222805c51543,Dry Cup,0.5,1.0,2025-01-18T01:33:20.956Z,2025-01-18T01:33:22Z,false
5b2c1398860b488082d77c3af5936462,Gram,28.0,1.0,2025-03-31T18:50:55.857Z,2025-03-31T18:50:56Z,false
5b2c1398860b488082d77c3af5936462,Fluid ounce,1.0,1.0,2025-03-31T18:50:55.857Z,2025-03-31T18:50:56Z,false
5b2c1398860b488082d77c3af5936462,Serving,2.0,1.0,2025-03-31T18:50:55.857Z,2025-03-31T18:50:56Z,false
5b446fa0e5c64bbf8f73da5c5cc6f853,Fluid ounce,5.0,1.0,2025-01-14T03:25:04.754Z,2025-01-14T03:25:07Z,false
5c036eb214a94978ad90e57250310ffd,Gram,39.0,1.0,2025-01-31T19:24:20.249Z,2025-01-31T19:24:21Z,false
5c036eb214a94978ad90e57250310ffd,Package,1.0,1.0,2025-01-31T19:24:20.250Z,2025-01-31T19:24:21Z,false
5c0d6a472d934b4aab424611ad34f11f,Piece,1.0,0.333333,2025-12-13T15:28:59.292Z,2025-12-13T15:29:07Z,false
5c0d6a472d934b4aab424611ad34f11f,Gram,36.0,1.0,2025-12-13T15:28:59.292Z,2025-12-13T15:29:07Z,false
5c971976e3924886a6843162634773f7,Serving,1.0,1.0,2025-01-13T16:24:43.453Z,2025-01-13T16:24:44Z,false
5c9d01cbf849400197dadbb0f980eedd,Cup,0.25,1.0,2025-03-07T00:39:11.732Z,2025-03-07T00:39:12Z,false
5c9d01cbf849400197dadbb0f980eedd,Milliliter,59.147,1.0,2025-03-07T00:39:11.733Z,2025-03-07T00:39:12Z,false
5ca1e8be59ee4a2ea0d7440759eab072,Piece,2.0,1.0,2025-12-15T00:23:54.564Z,2025-12-15T00:23:56Z,false
5ca1e8be59ee4a2ea0d7440759eab072,Gram,22.0,1.0,2025-12-15T00:23:54.564Z,2025-12-15T00:23:56Z,false
5d3b7d7100894988aca0a850ade29a90,Slice,4.0,2.0,2023-11-30T16:26:30.049Z,2023-11-30T16:26:31Z,false
5e1cc746d1c14c08b72a05e3501d0986,Bottle,1.0,1.0,2025-01-10T02:54:59.297Z,2025-01-10T02:55:04Z,false
5e49e7ae62cf4ec58ba28f96e8a0b6fe,Piece,1.0,1.0,2025-11-24T20:05:01.939Z,2025-11-24T20:05:03Z,false
5e49e7ae62cf4ec58ba28f96e8a0b6fe,Gram,19.0,1.0,2025-11-24T20:05:01.941Z,2025-11-24T20:05:03Z,false
5e5a509ada6d463a88e115f8a0f2fa79,Tablespoon,1.0,1.0,2024-03-16T22:17:53.772Z,2024-03-16T22:17:55Z,false
5e9c45382b29448ab0697e1740a66b19,Ounce,2.0,1.01248,2025-02-16T20:12:15.622Z,2025-02-16T20:12:17Z,false
5edb5216073847af92ec7baca1fdc5fa,Gram,56.0,1.0,2025-03-10T19:07:02.951Z,2025-03-10T19:07:03Z,false
5edb5216073847af92ec7baca1fdc5fa,Slice,3.0,1.0,2025-03-10T19:07:02.952Z,2025-03-10T19:07:03Z,false
5f12f60442b64dec899a99c7d00742d8,Milliliter,266.0,1.0,2025-04-18T20:55:07.120Z,2025-04-18T20:55:17Z,false
5f12f60442b64dec899a99c7d00742d8,Can,1.0,1.0,2025-04-18T20:55:07.121Z,2025-04-18T20:55:17Z,false
60e601c5fe08480aaf366d7f0d0f2b45,Piece,11.0,1.0,2024-01-17T02:22:16Z,2024-01-17T02:22:16Z,false
60e601c5fe08480aaf366d7f0d0f2b45,Gram,30.0,1.07143,2024-01-17T02:22:16Z,2024-01-17T02:22:16Z,false
616085e89dcd4582992d33b8d760b8ef,Piece,1.0,1.0,2025-04-16T21:55:39.930Z,2025-04-16T21:55:42Z,false
617fff9ad20346b099695ab48eb73623,Each,1.0,0.76,2025-01-21T04:44:43.180Z,2025-01-21T04:44:44Z,false
620e2b30f98743ac9b54b5c41536410e,Ounce,8.0,0.4909,2025-11-22T00:45:40.475Z,2025-11-22T00:45:41Z,false
620e2b30f98743ac9b54b5c41536410e,Gram,172.0,0.372294,2025-11-22T00:45:40.476Z,2025-11-22T00:45:41Z,false
62526ed8d1084c699692773e8a7a9c47,Each,1.0,1.0,2025-01-08T15:43:42.012Z,2025-01-08T15:43:43Z,false
62526ed8d1084c699692773e8a7a9c47,Gram,57.0,1.0,2025-01-08T15:43:42.013Z,2025-01-08T15:43:43Z,false
62bd30c6933f4e69a426b717bc159be8,Gram,113.0,1.0,2025-12-15T00:52:47.196Z,2025-12-15T00:52:47Z,false
62bd30c6933f4e69a426b717bc159be8,Serving,1.0,1.0,2025-12-15T00:52:47.196Z,2025-12-15T00:52:47Z,false
63b926792473471ea012f29caa392eb8,Each,2.0,1.0,2025-03-11T22:04:03.470Z,2025-03-11T22:04:05Z,false
64153f914ea8498fad899bc724c39c06,Slice,1.0,1.0,2025-02-14T15:10:47.401Z,2025-02-14T15:10:48Z,false
64262db0b9ea40449454d2bfaed37cfb,Gram,52.0,1.0,2025-12-07T19:16:58.005Z,2025-12-07T19:17:06Z,false
64262db0b9ea40449454d2bfaed37cfb,Serving,1.0,1.0,2025-12-07T19:16:58.005Z,2025-12-07T19:17:06Z,false
642ca9e4a0254c009ecb0f2679d3e840,Cup,0.5,1.0,2025-03-09T23:58:18.012Z,2025-03-09T23:58:18Z,false
642ca9e4a0254c009ecb0f2679d3e840,Gram,125.0,1.0,2025-03-09T23:58:18.014Z,2025-03-09T23:58:18Z,false
6430254aa45a49f5bb5fb03d59afe15a,Serving,1.0,1.0,2025-01-12T01:32:25.392Z,2025-01-12T01:52:15Z,false
64ca0b29933b4596bdb17a0c2a62857a,Piece,2.0,1.0,2025-04-18T22:47:03.645Z,2025-04-18T22:47:05Z,false
64d21adf06114a22bc16f3eb0b10e20d,Each,3.0,1.0,2025-03-10T14:31:37.505Z,2025-03-10T14:31:39Z,false
64d21adf06114a22bc16f3eb0b10e20d,Gram,45.0,1.0,2025-03-10T14:31:37.506Z,2025-03-10T14:31:39Z,false
64d21adf06114a22bc16f3eb0b10e20d,Serving,0.667,1.0,2025-03-10T14:31:37.506Z,2025-03-10T14:31:39Z,false
654fd8da3656425897a580a817102e7b,Each,25.0,1.0,2025-03-10T19:15:37.507Z,2025-03-10T19:15:41Z,false
654fd8da3656425897a580a817102e7b,Gram,50.0,1.0,2025-03-10T19:15:37.506Z,2025-03-10T19:15:41Z,false
65b7a6fc0edc4d7da8a1023cface4ac0,Each,0.5,0.68,2025-04-18T19:55:02.394Z,2025-04-18T19:55:05Z,false
65b7a6fc0edc4d7da8a1023cface4ac0,Gram,100.0,1.0,2025-04-18T19:55:02.394Z,2025-04-18T19:55:05Z,false
65b7a6fc0edc4d7da8a1023cface4ac0,Milliliter,102.0,1.0,2025-04-18T19:55:02.395Z,2025-04-18T19:55:05Z,false
65e38c575e4949dba94f4106c7934e2c,Cup,0.25,1.0,2024-03-08T07:18:32.326Z,2024-03-08T07:18:31Z,false
65e38c575e4949dba94f4106c7934e2c,Gram,37.0,1.0,2024-03-08T07:18:32.325Z,2024-03-08T07:18:31Z,false
65e38c575e4949dba94f4106c7934e2c,Milliliter,59.147,1.0,2024-03-08T07:18:32.326Z,2024-03-08T07:18:31Z,false
6606b91d9eeb43ae9187800eef2afc4c,Gram,43.0,1.0,2025-01-14T00:49:55.621Z,2025-01-14T00:50:38Z,false
6606b91d9eeb43ae9187800eef2afc4c,Serving,1.0,1.0,2025-01-14T00:49:55.622Z,2025-01-14T00:50:38Z,false
6620a9c41b0c49b5aedafe004f01c9d7,Piece,4.0,1.0,2025-03-10T06:11:11.950Z,2025-03-10T06:11:13Z,false
6645ac9f5a824ccdb7d15bb89a3e04fe,Piece,41.0,1.0,2025-03-22T20:48:38.793Z,2025-03-22T20:48:40Z,false
66e2db287a2f42f496889cbf679ace42,Package,1.0,1.0,2024-03-20T23:22:45.869Z,2024-03-20T23:22:47Z,false
675ed42e21424fa7ac2648b62147067e,Milliliter,125.0,0.668449,2025-01-12T03:13:57.960Z,2025-01-12T03:13:59Z,false
68318c177f4e4d77baf2b7bfda187df6,Each,1.0,1.0,2025-03-31T17:35:14.666Z,2025-03-31T17:35:15Z,false
683b3e61925f47b689bed8cf39d5a990,Serving,1.0,1.0,2025-01-16T02:52:19.472Z,2025-01-16T02:52:20Z,false
68aa977ae2ea48b58c5111e8601579a0,Serving,1.0,1.0,2025-12-11T22:11:00.729Z,2025-12-11T22:11:02Z,false
68c9aeb976b34a9cba505c7bdc4bcc57,Serving,1.0,1.0,2025-01-08T01:26:14.479Z,2025-01-08T01:26:19Z,false
690d982e121b47519df56484267d3c81,Gram,100.0,1.0,2025-01-29T03:04:18.708Z,2025-01-29T03:04:19Z,false
690d982e121b47519df56484267d3c81,Milliliter,97.6,1.0,2025-01-29T03:04:18.709Z,2025-01-29T03:04:19Z,false
690d982e121b47519df56484267d3c81,Bottle,1.0,7.69,2025-01-29T03:04:18.709Z,2025-01-29T03:04:19Z,false
690d982e121b47519df56484267d3c81,Serving,1.0,1.0,2025-01-29T03:04:18.709Z,2025-01-29T03:04:19Z,false
69d898dea3a1445e8ab85aa6b42d9023,Slice,2.0,1.0,2025-03-28T21:53:53.772Z,2025-03-28T21:53:55Z,false
6a49aef264024b038af5479298cef6b6,Gram,57.0,1.0,2025-11-27T20:14:27.486Z,2025-11-27T20:14:29Z,false
6a49aef264024b038af5479298cef6b6,Container,1.0,1.0,2025-11-27T20:14:27.488Z,2025-11-27T20:14:29Z,false
6b2dacc521624d2e948a8ffb8af6ab6d,Gram,28.0,1.0,2023-11-29T02:58:09.775Z,2023-11-29T02:58:10Z,false
6b717998d5fe491d90dc7fefa991c1b2,Gram,113.0,1.0,2024-03-21T00:13:17.963Z,2024-03-21T00:13:18Z,false
6b717998d5fe491d90dc7fefa991c1b2,Serving,1.0,1.0,2024-03-21T00:13:17.963Z,2024-03-21T00:13:18Z,false
6be1029a006c455db27f97dd20a7e806,Tablespoon,1.0,1.0,2025-02-16T01:44:50.311Z,2025-02-16T01:44:52Z,false
6be1029a006c455db27f97dd20a7e806,Milliliter,14.7868,1.0,2025-02-16T01:44:50.311Z,2025-02-16T01:44:52Z,false
6d3d290d8b4f46afa8c408b5c5891dab,Gram,78.0,1.0,2024-03-17T20:07:31.336Z,2024-03-17T20:07:33Z,false
6d3d290d8b4f46afa8c408b5c5891dab,Serving,1.0,1.0,2024-03-17T20:07:31.335Z,2024-03-17T20:07:33Z,false
6d9ef4afeeff4ee7b1148efe70522243,Each,1.0,1.0,2025-03-04T20:24:35.579Z,2025-03-04T20:24:36Z,false
6d9ef4afeeff4ee7b1148efe70522243,Gram,56.0,1.0,2025-03-04T20:24:35.579Z,2025-03-04T20:24:36Z,false
6e70d6bffc494af280c4c3718802813e,Gram,100.0,1.0,2025-12-10T01:23:35.391Z,2025-12-10T01:23:37Z,false
6e83686962ee4f49a4edbc6e6aa773c2,Gram,56.0,1.0,2025-03-07T18:12:19.693Z,2025-03-07T18:12:20Z,false
6e83686962ee4f49a4edbc6e6aa773c2,Slice,2.0,1.0,2025-03-07T18:12:19.692Z,2025-03-07T18:12:20Z,false
6e86c36efad1433795e7e5793a90cbfe,Can,1.0,1.0,2025-04-18T20:55:16.002Z,2025-04-18T20:55:17Z,false
6eab944cd22a49a5ac427c29c8528af3,Ounce,3.0,1.00057,2025-02-05T23:40:28.093Z,2025-02-05T23:40:29Z,false
6ebae43ec1d04fadaba75edc5fdc7a79,Stick,3.0,1.0,2025-04-15T23:43:14.176Z,2025-04-15T23:43:16Z,false
6f5ed9cd9cf0478da43f43a52efbb541,Gram,56.0,1.0,2025-03-24T15:12:01.510Z,2025-03-24T15:12:02Z,false
6f5ed9cd9cf0478da43f43a52efbb541,Slice,2.0,1.0,2025-03-24T15:12:01.510Z,2025-03-24T15:12:02Z,false
6f6ac64308304e8f94b77a290110e85a,Each,5.0,1.0,2025-12-07T00:59:00.594Z,2025-12-07T00:59:01Z,false
6f7e2a47671a41ca82d612ca9b96852a,Each,1.0,1.0,2025-04-03T19:02:56.725Z,2025-04-03T19:02:58Z,false
6f7e2a47671a41ca82d612ca9b96852a,Gram,85.0,1.0,2025-04-03T19:02:56.729Z,2025-04-03T19:02:58Z,false
6f7e2a47671a41ca82d612ca9b96852a,Serving,1.0,1.0,2025-04-03T19:02:56.730Z,2025-04-03T19:02:58Z,false
709a7c2eef0843648feb965904d371af,Serving,1.0,1.0,2025-12-09T20:28:02.172Z,2025-12-09T20:28:03Z,false
70f2455a9263489da3cdd3c7d2851d64,Ounce,0.75,0.5,2025-01-16T05:46:15.744Z,2025-01-16T05:46:22Z,false
7146cd96624b44049fe8f1c8682bb5bc,Gram,125.0,1.0,2025-12-07T00:50:29.066Z,2025-12-07T00:50:32Z,false
718ceb7a14994b01b7eca2217310098c,Each,1.0,1.0,2025-12-13T15:55:10.715Z,2025-12-13T15:55:12Z,false
718ceb7a14994b01b7eca2217310098c,Gram,50.0,1.0,2025-12-13T15:55:10.715Z,2025-12-13T15:55:12Z,false
7192531d8f5b480a8b886c0fe9a26e5c,Each,1.0,1.0,2026-01-08T02:05:22.836Z,2026-01-08T02:05:24Z,false
7192531d8f5b480a8b886c0fe9a26e5c,Gram,130.0,1.0,2026-01-08T02:05:22.836Z,2026-01-08T02:05:24Z,false
71b69b5480bc46119e576de59c5aafaa,Fluid ounce,0.5,0.158125,2024-02-06T04:39:02.738Z,2024-02-06T04:39:07Z,false
71bacd058a9f4700af5953413551eecd,Ounce,1.0,1.0,2025-01-05T00:49:05.241Z,2025-01-05T00:49:06Z,false
71bacd058a9f4700af5953413551eecd,Gram,28.3495,1.0,2025-01-05T00:49:05.241Z,2025-01-05T00:49:06Z,false
726c8028e55d4936968a5150f1e3b579,Piece,3.0,1.0,2025-04-16T03:17:10.162Z,2025-04-16T05:17:42Z,false
72a8b70788824fa5bfed3798e64366a1,Serving,1.0,1.0,2025-01-07T22:49:48.666Z,2025-01-07T22:49:49Z,false
72e6b324b0c54fd6a66c83c2d74c56e9,Ounce,0.75,0.75,2025-01-16T02:52:36.219Z,2025-01-16T02:52:39Z,false
74607509715f407081b82167284d6f7d,Gram,85.0,1.0,2024-03-13T04:48:21.335Z,2024-03-13T05:39:18Z,false
746f8730579b4196b4ff3df0d0217667,Cup,1.0,1.0,2025-12-13T18:16:29.071Z,2025-12-13T18:16:30Z,false
747846c0980747e3b1b3e20b93da14ea,Gram,14.0,1.0,2025-04-17T23:46:56.174Z,2025-04-17T23:46:58Z,false
747846c0980747e3b1b3e20b93da14ea,Serving,1.0,1.0,2025-04-17T23:46:56.174Z,2025-04-17T23:46:58Z,false
748e70bbb4304fd4b082efeec3fbe19b,Each,1.0,1.78,2025-03-06T23:46:37.345Z,2025-03-06T23:46:38Z,false
748e70bbb4304fd4b082efeec3fbe19b,Gram,100.0,1.0,2025-03-06T23:46:37.345Z,2025-03-06T23:46:38Z,false
7575ca468e20499cb1992772e81ced27,Gram,255.0,1.0,2025-03-21T21:56:07.010Z,2025-03-21T23:42:02Z,false
758e2f767103468a81e5490d105fea7d,Each,1.0,1.0,2024-01-17T05:24:44.462Z,2024-01-17T05:24:46Z,false
764c57d3274e4e37ba760e1e060ceea4,Serving,1.0,1.0,2025-03-24T03:45:55.908Z,2025-03-24T03:45:56Z,false
76f1f795caef48be9d1d365ad896f569,Serving,1.0,1.0,2025-03-20T14:30:32.872Z,2025-03-20T14:30:34Z,false
7735050a560b4076a2feda16bddc9b96,Gram,40.0,1.0,2023-11-27T23:07:47Z,2023-11-27T23:07:48Z,false
7735050a560b4076a2feda16bddc9b96,Serving,1.0,1.0,2023-11-27T23:07:47Z,2023-11-27T23:07:48Z,false
7810d0f6808f4fcf88055c4e2dd9279f,Gram,190.0,1.0,2025-01-04T01:05:08.996Z,2025-01-04T01:05:09Z,false
7810d0f6808f4fcf88055c4e2dd9279f,Package,1.0,1.0,2025-01-04T01:05:08.996Z,2025-01-04T01:05:09Z,false
7826cb65adb04190ab8ef862ac24fb74,Gram,261.0,1.0,2025-03-28T21:57:50.944Z,2025-03-28T21:57:52Z,false
7826cb65adb04190ab8ef862ac24fb74,Serving,3.0,1.0,2025-03-28T21:57:50.945Z,2025-03-28T21:57:52Z,false
7891c4b3b0ad42afab23d173d615e190,Ounce,4.0,1.0,2025-04-15T00:38:58.114Z,2025-04-15T00:38:59Z,false
78afc0a3e9f549a8820b5ddceaa0c41e,Piece,1.0,1.0,2025-12-12T23:19:49.654Z,2025-12-12T23:19:51Z,false
78afc0a3e9f549a8820b5ddceaa0c41e,Gram,47.0,1.0,2025-12-12T23:19:49.655Z,2025-12-12T23:19:51Z,false
78f7e560a2b8493a90cc84ee52286532,Gram,36.0,1.0,2025-01-05T00:48:46.007Z,2025-01-05T00:48:47Z,false
7945eafa0d0d4cbc84ccabfa9f670d8e,Serving,1.0,1.0,2025-04-02T00:25:55.684Z,2025-04-02T00:25:57Z,false
7993e89396134ec2b2d64677cb06b922,Piece,4.0,1.0,2024-02-03T18:29:06.427Z,2024-02-03T18:29:07Z,false
79df3c7cd18e47018040d0558ac2aa1f,Cup,1.0,1.0,2024-02-14T03:24:15.475Z,2024-02-14T03:24:17Z,false
79df3c7cd18e47018040d0558ac2aa1f,Milliliter,236.588,1.0,2024-02-14T03:24:15.475Z,2024-02-14T03:24:17Z,false
79e2bb15f91d47f7aa6f512d34c3b75e,Each,1.0,1.0,2023-11-29T05:42:22.314Z,2023-11-29T05:42:23Z,false
7a4d4402337043308eef42b5e578a4b1,Piece,4.0,1.0,2025-03-26T00:50:44.383Z,2025-03-26T00:50:47Z,false
7b064ebb224e44a99c6a0499446b9784,Gram,123.0,1.0,2025-11-22T07:49:45.525Z,2025-11-22T07:50:09Z,false
7c685e61b819445ba757bded0588a641,Serving,1.0,1.0,2025-04-04T17:08:10.766Z,2025-04-04T17:08:12Z,false
7cb72655e2f34a69a06ddf23910140db,Gram,56.0,1.0,2023-11-28T16:33:31.719Z,2023-11-28T16:33:32Z,false
7d7e477835a44b7e9d2307cdb0f06c8f,Serving,1.0,1.0,2025-12-09T15:39:14.483Z,2025-12-09T15:39:15Z,false
7e88728d03744dd284fd2812ebdc56e1,Tablespoon,5.0,5.0,2025-04-02T00:25:53.609Z,2025-04-02T00:25:57Z,false
805cc7e5075c4214bab93e603d64d91f,Each,2.0,1.0,2025-11-27T15:42:57.454Z,2025-11-27T15:42:58Z,false
805cc7e5075c4214bab93e603d64d91f,Gram,57.0,1.0,2025-11-27T15:42:57.456Z,2025-11-27T15:42:58Z,false
80c1bc0ccb394d81bff69506b6cdca4a,Gram,100.0,1.0,2024-01-30T03:01:32.410Z,2024-01-30T03:01:33Z,false
80f1cf17ef8747889d39cf61667ea9ae,Serving,1.0,1.0,2025-11-24T20:09:27.732Z,2025-11-24T20:09:28Z,false
82e1e97b797e4d11a9afd75c5fa7b388,Piece,14.0,1.0,2025-04-16T18:19:32.745Z,2025-04-16T20:09:30Z,false
82e1e97b797e4d11a9afd75c5fa7b388,Ounce,1.0,1.0,2025-04-16T18:19:32.746Z,2025-04-16T20:09:30Z,false
8337df47695f42ceaf12dee2996a93bc,Each,1.0,1.0,2025-02-16T00:56:20.762Z,2025-02-16T00:56:22Z,false
8337df47695f42ceaf12dee2996a93bc,Gram,165.0,0.906593,2025-02-16T00:56:20.762Z,2025-02-16T00:56:22Z,false
83cca02025c64978ac3ae31c399ec305,Stick,5.0,1.0,2025-01-21T04:44:50.310Z,2025-01-21T04:44:51Z,false
8414ca969258423aada7bc218d7757d5,Ounce,3.0,1.00057,2025-03-20T21:21:39.445Z,2025-03-20T21:21:40Z,false
8417c32631cb49178a7b6f318efbdf33,Serving,1.0,1.0,2025-02-18T03:57:24.617Z,2025-02-18T03:57:26Z,false
84c7b8a480e449239a6b001860a04c62,Gram,60.0,1.07143,2025-01-19T01:04:24.715Z,2025-01-19T01:04:25Z,false
864cd6a9e1dc433a9ab625a344146fe2,Serving,1.0,1.0,2025-02-13T18:24:57.442Z,2025-02-13T18:24:59Z,false
86996bdfa95d4a83bfde7ad78aa699f1,Each,1.0,1.0,2025-04-17T21:35:09.604Z,2025-04-17T21:35:22Z,false
86996bdfa95d4a83bfde7ad78aa699f1,Gram,51.0,1.0,2025-04-17T21:35:09.605Z,2025-04-17T21:35:22Z,false
86fb4995071f48c28babd4cf1452510a,Each,1.0,1.0,2025-03-26T18:34:43.006Z,2025-03-26T18:34:44Z,false
872cb076328f49feaca4262fd6988a3b,Cup,1.0,1.00249,2024-03-14T06:22:18.273Z,2024-03-14T07:05:55Z,false
872cb076328f49feaca4262fd6988a3b,Each,109.0,1.0,2024-03-14T06:22:18.274Z,2024-03-14T07:05:55Z,false
872cb076328f49feaca4262fd6988a3b,Gram,148.0,1.0,2024-03-14T06:22:18.274Z,2024-03-14T07:05:55Z,false
872cb076328f49feaca4262fd6988a3b,Milliliter,236.0,1.0,2024-03-14T06:22:18.274Z,2024-03-14T07:05:55Z,false
87943557e3574aa4bba41622c5638d45,Piece,13.0,0.26,2025-01-08T03:35:23.894Z,2025-01-08T03:50:02Z,false
894760d998a640fb8b5da7122cc0f497,Gram,870.0,5.87838,2025-04-02T00:25:53.608Z,2025-04-02T00:25:57Z,false
8977808dff5e45569e3ad1378a4c759a,Serving,1.0,1.0,2025-04-03T20:33:31.610Z,2025-04-03T20:33:33Z,false
89c44a9dba9e454f94f06a81c11f2b07,Teaspoon,0.75,0.125,2025-01-08T03:35:23.196Z,2025-01-08T03:50:02Z,false
8b1e22a885274226a17f8bd842becb9e,Tablespoon,2.0,0.73934,2025-01-07T15:32:36.130Z,2025-01-07T15:32:39Z,false
8b1e22a885274226a17f8bd842becb9e,Milliliter,40.0,1.0,2025-01-07T15:32:36.131Z,2025-01-07T15:32:39Z,false
8b1e22a885274226a17f8bd842becb9e,Tablespoon,2.0,1.0,2025-01-07T15:32:36.131Z,2025-01-07T15:32:39Z,false
8b24833ac6824c75b769b595ac39d491,Slice,2.0,1.0,2025-02-01T15:37:24.006Z,2025-02-01T15:37:35Z,false
8b4ec079bbf64e45b3d921bafbfee1c1,Gram,100.0,1.0,2025-03-21T21:37:31.487Z,2025-03-21T21:37:32Z,false
8b4ec079bbf64e45b3d921bafbfee1c1,Serving,1.0,1.0,2025-03-21T21:37:31.487Z,2025-03-21T21:37:32Z,false
8b5e068821b94ae1bf51788bdabd484a,Serving,1.0,1.0,2025-01-11T04:52:00.903Z,2025-01-11T06:23:27Z,false
8be43fc6c6ec4abebbd2d7fbcc439d2e,Each,4.0,2.0,2024-01-29T16:57:01Z,2024-01-31T20:08:14Z,false
8be43fc6c6ec4abebbd2d7fbcc439d2e,Gram,50.0,1.0,2024-01-29T16:57:01Z,2024-01-31T20:08:14Z,false
8bf33d37d6854e6283fd64e0a280a99f,Gram,24.0,1.0,2024-03-08T22:28:46Z,2024-03-11T22:22:38Z,false
8bf33d37d6854e6283fd64e0a280a99f,Serving,1.0,1.0,2024-03-08T22:28:46Z,2024-03-11T22:22:38Z,false
8c3785ed28fc47c2b82563e8225110c6,Each,1.0,0.77,2024-03-17T18:13:21.702Z,2024-03-17T18:13:23Z,false
8c9ce0690a7347448ccbe373f157c353,Tablespoon,2.0,1.0,2025-03-31T14:48:55.320Z,2025-03-31T14:48:56Z,false
8d33a6e0ad2b47b4abaa204f00939942,Gram,23.0,1.0,2024-01-22T21:42:09Z,2024-01-29T23:50:32Z,false
8d33a6e0ad2b47b4abaa204f00939942,Serving,1.0,1.0,2024-01-22T21:42:09Z,2024-01-29T23:50:32Z,false
8d781a2810294550b3c435cb0f3e68e2,Teaspoon,1.0,1.0,2024-02-28T04:24:03.983Z,2024-02-28T04:24:05Z,false
8d781a2810294550b3c435cb0f3e68e2,Cup,0.25,12.0,2025-01-04T01:03:01.590Z,2025-01-04T01:03:08Z,false
8e0e64df2cf143cabd99d647a1e232fc,Each,4.0,0.6,2024-03-04T02:19:11.400Z,2024-03-04T02:19:12Z,false
8e0e64df2cf143cabd99d647a1e232fc,Gram,165.0,1.65,2024-03-04T02:19:11.401Z,2024-03-04T02:19:12Z,false
8e68ae98ed7344be99933ec98db0d50f,Piece,1.0,1.0,2025-11-21T20:02:52.870Z,2025-11-21T20:02:54Z,false
8e68ae98ed7344be99933ec98db0d50f,Gram,19.0,1.0,2025-11-21T20:02:52.870Z,2025-11-21T20:02:54Z,false
8e79560b74ca4293b7a645d939cdfede,Each,1.0,1.0,2024-02-29T01:30:11Z,2024-02-29T01:30:12Z,false
8e79560b74ca4293b7a645d939cdfede,Gram,91.0,1.0,2024-02-29T01:30:11Z,2024-02-29T01:30:12Z,false
8eb733b62af74d758e0ffd83acb429ca,Slice,3.0,1.0,2024-03-03T17:57:04.821Z,2024-03-03T17:57:06Z,false
8eda46dc65374991ac42bb3f76b665d6,Fluid ounce,5.0,1.0,2025-12-10T06:08:35.574Z,2025-12-10T06:08:37Z,false
8eda46dc65374991ac42bb3f76b665d6,Bottle,0.197161,1.0,2025-12-10T06:08:35.574Z,2025-12-10T06:08:37Z,false
8eda46dc65374991ac42bb3f76b665d6,Serving,1.0,1.0,2025-12-10T06:08:35.574Z,2025-12-10T06:08:37Z,false
8f0bc8a6521e44ebb5326dfc37f7650e,Tablespoon,2.0,1.0,2025-02-07T15:25:56.729Z,2025-02-07T15:25:57Z,false
8f0bc8a6521e44ebb5326dfc37f7650e,Gram,37.0,1.0,2025-02-07T15:25:56.730Z,2025-02-07T15:25:57Z,false
8f42630d2f7f413aa3c0bd6194a128fa,Gram,28.0,1.0,2025-04-18T00:51:06.783Z,2025-04-18T03:42:07Z,false
8f4968fa008d4e89b5328ffdcb181c30,Gram,175.0,1.59091,2025-01-30T01:26:04.749Z,2025-01-30T01:26:13Z,false
8fec7eae4c0f4067a4566eddfe10e8d5,Gram,65.0,1.0,2024-02-03T19:15:01.486Z,2024-02-03T19:15:02Z,false
8fec7eae4c0f4067a4566eddfe10e8d5,Serving,1.0,1.0,2024-02-03T19:15:01.485Z,2024-02-03T19:15:02Z,false
900c1eaddad942e5aa1baf05357ed6a7,Cup,0.75,1.77441,2025-01-12T05:40:21.103Z,2025-01-12T05:40:24Z,false
90205f4abc134a92a6137ef0eecdb01f,Ounce,2.0,1.0,2025-12-16T17:07:49.516Z,2025-12-16T17:07:58Z,false
90205f4abc134a92a6137ef0eecdb01f,Serving,0.994719,1.0,2025-12-16T17:07:49.516Z,2025-12-16T17:07:58Z,false
90290a8379b24d62a41eaf201233e5dd,Serving,1.0,1.0,2025-11-26T18:44:45.156Z,2025-11-26T18:44:46Z,false
9030c8af1b6e408f9770745eb21bef5f,Ounce,3.0,1.0,2025-12-09T04:24:23.318Z,2025-12-09T04:25:24Z,false
9030c8af1b6e408f9770745eb21bef5f,Gram,85.0485,1.0,2025-12-09T04:24:23.318Z,2025-12-09T04:25:24Z,false
91488b3cd2de44f1a190b09bf9e17fcf,Serving,1.0,1.0,2026-01-07T17:11:15.014Z,2026-01-07T17:11:16Z,false
916509f5d66345f4926bb25d9d5b06d2,Piece,3.0,1.0,2025-03-26T22:24:43.184Z,2025-03-26T22:24:45Z,false
9243b18bd337449f93f0b9dfe1ef7809,Cup,4.0,1.0,2025-02-11T01:19:18.420Z,2025-02-11T01:19:19Z,false
9243b18bd337449f93f0b9dfe1ef7809,Gram,100.0,1.0,2025-02-11T01:19:18.420Z,2025-02-11T01:19:19Z,false
9243b18bd337449f93f0b9dfe1ef7809,Serving,1.0,1.0,2025-02-11T01:19:18.421Z,2025-02-11T01:19:19Z,false
9244103896ac48fb954f71087c76d531,Milliliter,125.0,0.668449,2025-01-12T01:32:23.573Z,2025-01-12T01:52:15Z,false
9301cd67c9784adc98666abd48499640,Cup,1.0,1.0,2025-01-09T00:05:30.934Z,2025-01-09T00:05:32Z,false
9301cd67c9784adc98666abd48499640,Milliliter,236.588,1.0,2025-01-09T00:05:30.934Z,2025-01-09T00:05:32Z,false
9301cd67c9784adc98666abd48499640,Serving,1.0,1.0,2025-01-09T00:05:30.933Z,2025-01-09T00:05:32Z,false
93217f5fc3ae488fb4a2cd296dce13e8,Gram,150.0,5.0,2025-03-22T00:27:27.008Z,2025-03-22T00:27:30Z,false
93eadfd612294e67b0b5ceef3814d7cd,Cup,0.25,1.0,2025-12-15T03:10:30.824Z,2025-12-15T03:10:31Z,false
93ee312a3d844d178a99c3d0f591532f,Piece,1.0,1.0,2025-03-21T04:59:26.309Z,2025-03-21T04:59:27Z,false
94205719e13c4afab1e3c954624cff21,Teaspoon,2.0,2.0,2025-01-12T05:40:21.133Z,2025-01-12T05:40:24Z,false
95341fdbb0eb48ba804b2d70f8bc1801,Serving,1.0,1.0,2024-03-20T19:59:44.018Z,2024-03-20T19:59:45Z,false
954afe0a409f4f0a98439281bb39e128,Serving,1.0,0.333333,2025-01-10T02:54:59.288Z,2025-01-10T02:55:04Z,false
96cf10173cb14952b117ed7803f31550,Gram,39.0,0.829787,2024-03-06T02:24:11.309Z,2024-03-06T02:24:13Z,false
973a5ebdc4234fc7b721af2f052f5494,Tablespoon,1.0,1.0,2025-03-22T14:57:00.922Z,2025-03-22T15:07:24Z,false
973a5ebdc4234fc7b721af2f052f5494,Gram,5.0,0.357143,2025-03-22T14:57:00.922Z,2025-03-22T15:07:24Z,false
973a5ebdc4234fc7b721af2f052f5494,Milliliter,14.7868,1.0,2025-03-22T14:57:00.922Z,2025-03-22T15:07:24Z,false
974a9fc412f4477a930150ae43899245,Fluid ounce,1.0,0.278,2024-03-05T03:02:40.069Z,2024-03-05T03:02:41Z,false
97c22e1c80db45459da6162a88aedd19,Ounce,100.0,1.0,2025-01-22T00:47:12.967Z,2025-01-22T00:47:13Z,false
97d8cb26af944c4e913bffdfe13768c7,Piece,1.0,1.0,2025-03-11T19:19:31.968Z,2025-03-11T20:46:10Z,false
97da078958ed44a787b25c7109fce290,Serving,1.0,1.0,2025-01-23T01:42:49.349Z,2025-01-23T01:42:50Z,false
9983d276a7834eb0addb24d80da0e032,Each,1.0,1.0,2024-03-20T18:46:52.241Z,2024-03-20T18:46:53Z,false
998847832b0a4c4dbc6c73e651bbee97,Serving,11.0,1.57143,2025-01-10T00:01:33.130Z,2025-01-10T00:01:35Z,false
9a961797ee614b96aa9f58b0f337236b,Cup,0.5,1.0,2024-01-27T01:12:37.876Z,2024-01-27T01:12:39Z,false
9ae3555166c24e289ba937013223418b,Gram,9.0,0.243243,2024-03-15T15:41:40.098Z,2024-03-15T15:41:41Z,false
9b6c4202f4da419f96c56e5e295720c3,Pot,0.1,0.1,2025-12-16T01:38:29.921Z,2025-12-16T01:38:45Z,false
9be72e57d28c4d8696485f45e03f91d9,Piece,8.0,1.0,2025-02-14T01:43:28.439Z,2025-02-14T01:43:29Z,false
9be72e57d28c4d8696485f45e03f91d9,Gram,15.0,1.0,2025-02-14T01:43:28.440Z,2025-02-14T01:43:29Z,false
9be72e57d28c4d8696485f45e03f91d9,Serving,0.5,1.0,2025-02-14T01:43:28.440Z,2025-02-14T01:43:29Z,false
9deb9289361b47de95e22ea26fa94369,Gram,85.0,1.0,2025-11-25T19:55:06.722Z,2025-11-25T19:55:08Z,false
9e37272285524e6287f730aad3640ad8,Cup,0.5,1.0,2025-12-16T01:38:43.765Z,2025-12-16T01:38:45Z,false
9e37272285524e6287f730aad3640ad8,Milliliter,118.294,1.0,2025-12-16T01:38:43.765Z,2025-12-16T01:38:45Z,false
9f78a78167c44ba69287351f7707d28f,Piece,3.0,1.0,2025-01-19T05:55:41.931Z,2025-01-19T05:55:43Z,false
9fb488d0752748f89a4dcd3733035e6d,Serving,1.0,1.0,2024-02-01T06:44:44.758Z,2024-02-01T06:44:46Z,false
a002248009014d268baeb6fea56c64a2,Each,2.0,1.0,2025-02-10T15:53:15.091Z,2025-02-10T15:53:16Z,false
a002248009014d268baeb6fea56c64a2,Gram,47.0,1.0,2025-02-10T15:53:15.091Z,2025-02-10T15:53:16Z,false
a0455f2cb70f4b3fb065289ce09a399e,Gram,84.0,1.0,2025-04-15T23:44:17.462Z,2025-04-15T23:44:20Z,false
a135693b4979404fbadf29f15d6ea604,Gram,56.0,1.0,2024-01-20T18:20:00.778Z,2024-01-20T18:20:01Z,false
a14c41993e7f4b12b2d2e8489ab6f11e,Ounce,2.0,2.0,2025-01-10T02:54:59.309Z,2025-01-10T02:55:04Z,false
a36cc3a64fd44f8eaa8c6e2056bdb287,Gram,56.0,1.0,2025-04-03T19:03:14.169Z,2025-04-03T19:03:15Z,false
a36cc3a64fd44f8eaa8c6e2056bdb287,Slice,4.0,1.0,2025-04-03T19:03:14.168Z,2025-04-03T19:03:15Z,false
a3bea605468e4076bca42f47423b33ea,Serving,1.0,1.0,2025-12-13T15:28:22.110Z,2025-12-13T15:29:07Z,false
a3d10f2e4064437ca521d9abee40f95c,Cup,0.25,1.0,2025-04-15T23:48:03.496Z,2025-04-15T23:48:06Z,false
a3d10f2e4064437ca521d9abee40f95c,Gram,28.0,1.0,2025-04-15T23:48:03.496Z,2025-04-15T23:48:06Z,false
a3d10f2e4064437ca521d9abee40f95c,Serving,1.0,1.0,2025-04-15T23:48:03.496Z,2025-04-15T23:48:06Z,false
a40b32edc87844f98676ee9ecc82abac,Gram,50.0,1.0,2024-01-21T18:12:45.673Z,2024-01-21T18:12:47Z,false
a46b75950aba4972b884d3fc29c21d18,Ounce,2.0,1.0,2025-12-14T19:32:03.873Z,2025-12-14T19:32:05Z,false
a46b75950aba4972b884d3fc29c21d18,Gram,56.699,1.0,2025-12-14T19:32:03.873Z,2025-12-14T19:32:05Z,false
a46b75950aba4972b884d3fc29c21d18,Serving,1.0,1.0,2025-12-14T19:32:03.873Z,2025-12-14T19:32:05Z,false
a50621fbe0694010bc9050590aceeeb2,Gram,50.0,1.0,2025-03-26T18:45:28.657Z,2025-03-26T18:45:30Z,false
a509f5b4be0a49de9ef0dfa68f4a8cf4,Slice,1.0,1.0,2025-04-14T14:50:40.670Z,2025-04-14T14:50:42Z,false
a5237dfd759e4b598718ff0a4e9e94c0,Piece,3.0,1.0,2025-02-13T04:34:30.761Z,2025-02-13T04:34:32Z,false
a5237dfd759e4b598718ff0a4e9e94c0,Gram,30.0,1.0,2025-02-13T04:34:30.761Z,2025-02-13T04:34:32Z,false
a5237dfd759e4b598718ff0a4e9e94c0,Serving,1.0,1.0,2025-02-13T04:34:30.761Z,2025-02-13T04:34:32Z,false
a68d87a390e742a2bf7ca96e19ee18e5,Serving,1.0,1.0,2025-03-26T17:19:34.826Z,2025-03-26T17:19:36Z,false
a6ac768516a64f019a0cdab92d498aa9,Piece,5.0,1.0,2025-02-03T20:23:03.410Z,2025-02-03T20:23:04Z,false
a7d4cfde654a491b8b38d5567b580c5d,Cup,1.0,2.44,2025-01-19T16:11:21.939Z,2025-01-19T16:11:23Z,false
a7d4cfde654a491b8b38d5567b580c5d,Gram,100.0,1.0,2025-01-19T16:11:21.940Z,2025-01-19T16:11:23Z,false
a7d4cfde654a491b8b38d5567b580c5d,Milliliter,236.588,2.44,2025-01-19T16:11:21.940Z,2025-01-19T16:11:23Z,false
a86605b41b4c4c9a9b6d62487eec9f9d,Serving,1.0,1.0,2024-02-10T07:44:28.570Z,2024-02-10T07:44:29Z,false
a86cceaaa882438ea07e999848235421,Tablespoon,1.0,0.21,2025-03-19T15:16:23.621Z,2025-03-19T15:16:25Z,false
a87d42f0d2cf491d95185e9587e153f5,Tablespoon,1.0,1.0,2024-03-20T01:18:22.019Z,2024-03-20T01:30:31Z,false
a87d42f0d2cf491d95185e9587e153f5,Milliliter,14.7868,1.0,2024-03-20T01:18:22.019Z,2024-03-20T01:30:31Z,false
a936f32c7c084d3ebd308507afab449f,Cup,1.0,1.0,2025-12-07T00:49:20.280Z,2025-12-07T00:50:32Z,false
a936f32c7c084d3ebd308507afab449f,Gram,100.0,1.0,2025-12-07T00:49:20.280Z,2025-12-07T00:50:32Z,false
a936f32c7c084d3ebd308507afab449f,Milliliter,236.588,1.0,2025-12-07T00:49:20.280Z,2025-12-07T00:50:32Z,false
aa3f203e57e947d0be2da520a1b90057,Gram,14.0,1.0,2025-12-16T01:37:59.105Z,2025-12-16T01:38:45Z,false
aa3f203e57e947d0be2da520a1b90057,Serving,1.0,1.0,2025-12-16T01:37:59.105Z,2025-12-16T01:38:45Z,false
aa61f56bce9049dea64980911ad1a6ef,Ounce,4.0,1.00352,2025-04-16T18:19:07.950Z,2025-04-16T18:19:36Z,false
aa61f56bce9049dea64980911ad1a6ef,Gram,113.398,1.00352,2025-04-16T18:19:07.950Z,2025-04-16T18:19:36Z,false
aae264e00f464b879f8470536e04c9cc,Dry Cup,0.75,1.0,2025-02-06T01:28:00.046Z,2025-02-06T01:28:01Z,false
abae01bda8be4cbf8deb65d41e060f7a,Stick,2.0,2.0,2025-01-04T01:03:01.583Z,2025-01-04T01:03:08Z,false
aca23adc81754911a79704a8d947feaf,Each,1.0,1.73,2024-01-18T03:09:00.836Z,2024-01-18T03:09:10Z,false
ad49dac4dd4341bd91a1bb560f7faa43,Serving,1.0,1.0,2025-03-25T03:05:21.370Z,2025-03-25T03:05:25Z,false
adfca11f55714164b2eea60e07db38ed,Package,1.0,1.0,2025-03-31T21:49:04.841Z,2025-03-31T21:49:05Z,false
ae26f2f5ed0d4bb4b44c8391051271bb,Ounce,2.0,1.0,2025-03-10T00:03:19.556Z,2025-03-10T00:03:20Z,false
ae26f2f5ed0d4bb4b44c8391051271bb,Serving,1.0,1.0,2025-03-10T00:03:19.556Z,2025-03-10T00:03:20Z,false
aea07c9d40324121865a8074a6d7f004,Gram,44.0,1.0,2025-01-19T16:11:06.331Z,2025-01-19T16:11:07Z,false
aea07c9d40324121865a8074a6d7f004,Serving,1.0,1.0,2025-01-19T16:11:06.331Z,2025-01-19T16:11:07Z,false
af06f1264c5b4bdead278d1250ecf064,Fluid ounce,1.0,0.999997,2024-02-06T04:39:02.741Z,2024-02-06T04:39:07Z,false
af2fa3acc55e48d38b538b8eb23928cb,Each,1.0,2.07,2025-03-20T00:19:01.625Z,2025-03-20T00:19:03Z,false
aff7886715374ac4aab42a6c06c0f32f,Serving,1.0,1.0,2025-12-09T20:52:58.568Z,2025-12-09T20:53:00Z,false
b03d50c7225e4a278bf190128e92577c,Milliliter,148.0,1.0,2025-01-20T00:42:51.821Z,2025-01-20T00:42:53Z,false
b08abdaf6725423d96ea46ab04e3fc30,Tablespoon,1.0,1.0,2025-04-04T00:03:02.473Z,2025-04-04T00:03:04Z,false
b1126d1a159444a48b4153a375accd8f,Piece,6.0,1.0,2023-12-01T02:25:15.062Z,2023-12-01T02:25:16Z,false
b1126d1a159444a48b4153a375accd8f,Gram,113.0,1.0,2023-12-01T02:25:15.063Z,2023-12-01T02:25:16Z,false
b12e8bd017854a3082a6c3b905fae4cd,Gram,30.0,1.0,2025-01-19T03:21:41.899Z,2025-01-19T03:21:43Z,false
b12e8bd017854a3082a6c3b905fae4cd,Dry Cup,0.5,1.0,2025-01-19T03:21:41.899Z,2025-01-19T03:21:43Z,false
b1460d46a9d049589ab8a0517fe34b2d,Package,1.0,1.0,2025-12-07T23:10:34.795Z,2025-12-07T23:10:36Z,false
b15497c05a254423822655add07716e2,Gram,250.0,6.57895,2025-03-25T03:05:20.748Z,2025-03-25T03:05:25Z,false
b1692dd6b2df478285f9ab08533b7964,Slice,3.0,3.0,2024-03-11T15:05:47.784Z,2024-03-11T15:05:49Z,false
b1e448823896489ea6657d1bc900453a,Gram,112.0,1.0,2025-03-06T23:54:14.896Z,2025-03-06T23:54:18Z,false
b2534f6984be4c7a9be61f8efb9bb8b4,Each,1.0,1.0,2024-02-09T05:53:24.314Z,2024-02-09T05:53:25Z,false
b358b208e3d8460fb52e3ab17c1fe5ac,Ounce,2.0,1.01248,2025-02-10T20:07:55.687Z,2025-02-10T20:07:56Z,false
b3adce16631140028f0f0c95e6751e72,Gram,56.0,1.0,2024-01-29T16:57:01Z,2024-03-22T02:20:53Z,false
b3eeb1feddaf4451844ec2b73eb360ff,Gram,56.0,1.0,2025-01-22T19:47:53.175Z,2025-01-22T19:47:53Z,false
b3eeb1feddaf4451844ec2b73eb360ff,Slice,2.0,1.0,2025-01-22T19:47:53.175Z,2025-01-22T19:47:53Z,false
b50812119f3043058292360bf46fbe95,Each,2.0,1.0,2025-02-10T20:48:08.178Z,2025-02-10T20:48:09Z,false
b54b249f0d134749886ffcc9786f7a02,Gram,100.0,1.0,2025-03-31T17:36:27.066Z,2025-03-31T17:36:27Z,false
b54b249f0d134749886ffcc9786f7a02,Serving,1.0,1.0,2025-03-31T17:36:27.067Z,2025-03-31T17:36:27Z,false
b5a330470a034d869c8ebe313e0a9f39,Ounce,4.0,1.0,2024-03-19T01:35:35Z,2024-03-19T01:35:36Z,false
b5a330470a034d869c8ebe313e0a9f39,Pound,0.59,2.36,2024-03-19T01:35:35Z,2024-03-19T01:35:36Z,false
b5a330470a034d869c8ebe313e0a9f39,Gram,125.0,1.10231,2024-03-19T01:35:35Z,2024-03-19T01:35:36Z,false
b5d772703a51451e91cdcde85e26a48a,Piece,6.0,0.3,2025-03-21T21:39:40.575Z,2025-03-21T21:39:43Z,false
b606f54a4e234a048d98e948dcd8c861,Piece,51.0,1.0,2025-03-27T03:55:29.976Z,2025-03-27T03:55:31Z,false
b606f54a4e234a048d98e948dcd8c861,Gram,30.0,1.0,2025-03-27T03:55:29.976Z,2025-03-27T03:55:31Z,false
b614a8ad4da94eafab6388754f09612d,Each,10.0,1.0,2025-01-15T05:02:39.290Z,2025-01-15T05:02:41Z,false
b6b12ff6d8eb47599328968d70ec9b7f,Fluid ounce,4.0,1.0,2024-03-08T02:57:22.691Z,2024-03-08T02:57:22Z,false
b7746782c599449d82d521c81457e914,Gram,225.0,1.60714,2025-12-09T04:43:20.692Z,2025-12-09T04:43:22Z,false
b81744a73ebc4aebb23e080d5076f491,Gram,189.0,1.0,2024-02-12T20:25:02.570Z,2024-02-12T20:25:03Z,false
b81744a73ebc4aebb23e080d5076f491,Package,0.333,1.0,2024-02-12T20:25:02.569Z,2024-02-12T20:25:03Z,false
b86014d83a7a438cac3989490c99035d,Tablespoon,2.0,1.0,2025-04-16T14:50:30.662Z,2025-04-16T18:13:17Z,false
b86014d83a7a438cac3989490c99035d,Gram,33.0,1.0,2025-04-16T14:50:30.663Z,2025-04-16T18:13:17Z,false
b87fe55ee65e4aceb919f0f799140ac1,Gram,59.0,1.0,2023-11-29T02:29:46.519Z,2023-11-29T02:29:47Z,false
b8e7ba298dd545a9a2876f68fa1a0668,Ounce,1.0,1.0,2024-03-12T00:51:19.601Z,2024-03-12T00:51:25Z,false
b8e7ba298dd545a9a2876f68fa1a0668,Gram,28.3495,1.0,2024-03-12T00:51:19.601Z,2024-03-12T00:51:25Z,false
b90fc554382a4f6d936bbd0925d77db2,Piece,10.0,1.0,2025-12-13T15:28:45.168Z,2025-12-13T15:29:07Z,false
bb6b79df0a73470bbbdea71cd572f12c,Serving,1.0,1.0,2025-02-17T20:25:18.442Z,2025-02-17T20:25:19Z,false
bc716ec8fff741a28f4004811e033549,Each,1.0,1.0,2025-03-21T04:31:59.600Z,2025-03-21T04:32:01Z,false
bc9ea9905ccc416491ef88f3e0f45e1d,Fluid ounce,1.0,0.666667,2024-03-05T03:02:29.965Z,2024-03-05T03:02:31Z,false
bccaa8346f7f49188cf29ee18e451ac6,Serving,1.0,1.0,2025-12-15T20:39:24.151Z,2025-12-15T20:39:25Z,false
bccfba006b49496c86c0cc183cb0b310,Milliliter,30.0,1.0,2025-03-23T14:26:22.963Z,2025-03-23T14:26:24Z,false
bd242e6f25234d88838627151f55400b,Cup,3.5,1.0,2025-04-02T00:21:22.095Z,2025-04-02T00:21:23Z,false
bd242e6f25234d88838627151f55400b,Gram,350.0,1.0,2025-04-02T00:21:22.095Z,2025-04-02T00:21:23Z,false
bd242e6f25234d88838627151f55400b,Package,1.0,1.0,2025-04-02T00:21:22.095Z,2025-04-02T00:21:23Z,false
bd491142e21e402dbf5c6a2013a8c406,Tablespoon,2.0,1.0,2024-03-20T14:55:33.744Z,2024-03-20T14:55:34Z,false
bd491142e21e402dbf5c6a2013a8c406,Gram,32.0,1.0,2024-03-20T14:55:33.745Z,2024-03-20T14:55:34Z,false
bd491142e21e402dbf5c6a2013a8c406,Milliliter,29.5736,1.0,2024-03-20T14:55:33.745Z,2024-03-20T14:55:34Z,false
bd859107ecad4bdb88c5a03f374f042e,Piece,3.0,1.0,2025-12-15T05:27:29.172Z,2025-12-15T05:27:30Z,false
bde67c4c51554c4d8759d6a6f5a73d7e,Gram,56.0,1.0,2025-11-21T20:02:49.161Z,2025-11-21T20:02:54Z,false
bde67c4c51554c4d8759d6a6f5a73d7e,Slice,2.0,1.0,2025-11-21T20:02:49.161Z,2025-11-21T20:02:54Z,false
be7cec402f7e4599ac744d881ca7ad11,Gram,42.5,1.0,2025-04-17T19:06:39.393Z,2025-04-17T21:34:16Z,false
be7cec402f7e4599ac744d881ca7ad11,Package,1.0,1.0,2025-04-17T19:06:39.394Z,2025-04-17T21:34:16Z,false
c007a121bc4346a19336d818bf8be01c,Gram,45.0,1.0,2025-03-24T15:12:29.106Z,2025-03-24T15:12:30Z,false
c0472ef2ef1643ffb14f755056aac57c,Gram,9.0,0.642857,2024-01-17T19:49:06.887Z,2024-01-17T19:51:12Z,false
c094cbcfba14424ba60f86955e3f0edd,Tablespoon,2.0,1.0,2024-03-20T14:55:23.713Z,2024-03-20T14:55:25Z,false
c094cbcfba14424ba60f86955e3f0edd,Gram,37.0,1.0,2024-03-20T14:55:23.714Z,2024-03-20T14:55:25Z,false
c094cbcfba14424ba60f86955e3f0edd,Milliliter,29.5736,1.0,2024-03-20T14:55:23.714Z,2024-03-20T14:55:25Z,false
c098bcd84797416684b3a38fe4157ad8,Ounce,0.25,0.25,2025-03-21T21:39:40.566Z,2025-03-21T21:39:43Z,false
c17008887a9a4af9a11459b37de6ef77,Gram,100.0,1.0,2025-01-30T01:27:01.088Z,2025-01-30T01:27:01Z,false
c17008887a9a4af9a11459b37de6ef77,Serving,1.0,1.0,2025-01-30T01:27:01.088Z,2025-01-30T01:27:01Z,false
c1ed4385d6e14815bac54ab19a1d08ba,Tablespoon,0.5,0.5,2026-01-08T02:04:44.994Z,2026-01-08T02:05:24Z,false
c1ed4385d6e14815bac54ab19a1d08ba,Milliliter,14.7868,1.0,2026-01-08T02:04:44.994Z,2026-01-08T02:05:24Z,false
c29a8cc5195f4a2a8ab37582e62cb8b0,Tablespoon,2.0,1.0,2025-01-04T05:06:18.792Z,2025-01-04T05:06:19Z,false
c29a8cc5195f4a2a8ab37582e62cb8b0,Gram,37.0,1.23333,2025-01-11T04:32:49.245Z,2025-01-11T04:32:50Z,false
c29a8cc5195f4a2a8ab37582e62cb8b0,Milliliter,29.5736,1.0,2025-01-04T05:06:18.793Z,2025-01-04T05:06:19Z,false
c2cb0544d202473cba23583bb67724b9,Ounce,4.82143,1.01248,2025-01-05T16:15:56.607Z,2025-01-05T16:15:58Z,false
c31b30d855664982824d93dbf7e06c14,Gram,7.0,1.0,2025-11-22T00:54:17.838Z,2025-11-22T00:54:19Z,false
c390344c032044fcb1639b075721ebf6,Piece,4.0,1.0,2025-02-16T01:44:23.979Z,2025-02-16T01:44:25Z,false
c390344c032044fcb1639b075721ebf6,Gram,85.0,1.0,2025-02-16T01:44:23.980Z,2025-02-16T01:44:25Z,false
c3982e35473f7e4c66c2a0043d2335c2,Package,0.2,1.0,2025-03-28T21:56:03.806Z,2025-03-28T21:56:05Z,false
c3e5ec0d17ff4b249944c74abb975293,Ounce,5.333,1.0,2025-02-18T01:00:39.612Z,2025-02-18T01:00:41Z,false
c487fdf840954f2b9e82e7abb7b852c3,Cup,1.0,1.0,2024-03-06T02:23:32.384Z,2024-03-06T02:23:33Z,false
c487fdf840954f2b9e82e7abb7b852c3,Gram,100.0,1.0,2024-03-06T02:23:32.385Z,2024-03-06T02:23:33Z,false
c487fdf840954f2b9e82e7abb7b852c3,Milliliter,236.588,1.0,2024-03-06T02:23:32.385Z,2024-03-06T02:23:33Z,false
c743ab75f2ed42638f7d99b059563d75,Gram,40.0,1.0,2025-02-18T03:59:14.624Z,2025-02-18T03:59:15Z,false
c815a8d7078141b995dfe6bb88ca980f,Each,2.0,1.0,2025-12-07T21:18:13.064Z,2025-12-07T21:18:14Z,false
c82b3f8dba4b41b0a3e0c1e54793b228,Each,1.0,1.0,2024-03-02T23:56:59.689Z,2024-03-02T23:57:00Z,false
c92be9ee000848adb65c373424a77313,Fluid ounce,1.5,1.5,2024-01-23T05:20:21.539Z,2024-01-23T05:20:34Z,false
ca60db134fc34f92b64c10700ba4826c,Gram,28.0,1.0,2024-02-29T03:26:45.503Z,2024-02-29T03:26:48Z,false
ca60db134fc34f92b64c10700ba4826c,Package,1.0,1.0,2024-02-29T03:26:45.504Z,2024-02-29T03:26:48Z,false
caa5041788df471b8a638f1f627f92d1,Package,1.0,1.0,2025-03-27T21:59:09.689Z,2025-03-27T21:59:13Z,false
cae441bd4f7c4d69b910a76235fe038d,Each,4.0,1.0,2025-01-22T00:47:34.919Z,2025-01-22T00:47:35Z,false
cae441bd4f7c4d69b910a76235fe038d,Gram,220.0,2.75,2025-01-22T00:47:34.919Z,2025-01-22T00:47:35Z,false
cb253d3544df492b9a0d37ce958a4386,Cup,0.75,1.0,2025-03-21T00:19:07.340Z,2025-03-21T00:19:08Z,false
cb253d3544df492b9a0d37ce958a4386,Gram,50.0,1.0,2025-03-21T00:19:07.341Z,2025-03-21T00:19:08Z,false
cb253d3544df492b9a0d37ce958a4386,Serving,0.5,1.0,2025-03-21T00:19:07.341Z,2025-03-21T00:19:08Z,false
cb4d81abb93f4d87bdf6ae9e38b3ed99,Ounce,0.25,0.0708738,2025-01-12T05:40:21.092Z,2025-01-12T05:40:24Z,false
cc347c347b3c4ef3a48995bd3e5cb5ad,Gram,28.0,1.0,2025-04-04T20:49:11.584Z,2025-04-04T20:49:12Z,false
cc479ddc10f24494a00c726eec908735,Cup,1.0,1.0,2025-11-23T22:28:14.797Z,2025-11-23T22:28:16Z,false
cc479ddc10f24494a00c726eec908735,Gram,100.0,1.0,2025-11-23T22:28:14.803Z,2025-11-23T22:28:16Z,false
cc479ddc10f24494a00c726eec908735,Milliliter,236.588,1.0,2025-11-23T22:28:14.805Z,2025-11-23T22:28:16Z,false
ccdbc3c1e9eb4fab9f1fd41a6d119c68,Piece,2.0,1.0,2025-02-17T01:23:50.577Z,2025-02-17T01:23:52Z,false
ccdd10308fcb4b4aad2fc9ff3030b206,Piece,3.0,1.0,2025-01-15T04:14:47.515Z,2025-01-15T04:14:49Z,false
ccdd10308fcb4b4aad2fc9ff3030b206,Gram,36.0,1.0,2025-01-15T04:14:47.516Z,2025-01-15T04:14:49Z,false
cd9397ac93324b258fd939cba8fefe3a,Pound,1.0,1.0,2025-02-04T05:11:09.916Z,2025-02-04T05:11:14Z,false
cebf384b29b346fba7098f1cf9d4f077,Ounce,36.0,9.0,2025-01-04T01:03:01.596Z,2025-01-04T01:03:08Z,false
ced4b02fbb5c490dadedbdfb99c27439,Serving,1.0,1.0,2025-03-21T21:39:42.283Z,2025-03-21T21:39:44Z,false
cf02004799e447d1b201a41bc5c5ba71,Piece,1.0,1.0,2024-01-16T23:38:26Z,2024-01-16T23:38:27Z,false
d000bb30e74c41ab8e8ca41aa1d42392,Piece,3.0,1.0,2025-03-04T23:56:52.560Z,2025-03-04T23:56:53Z,false
d010fccda06948c6891a59453093d2b4,Piece,1.0,1.0,2025-04-04T02:35:51.297Z,2025-04-04T02:35:52Z,false
d010fccda06948c6891a59453093d2b4,Gram,19.0,1.0,2025-04-04T02:35:51.297Z,2025-04-04T02:35:52Z,false
d052380777c840dca45cf1edee2710b0,Ounce,4.0,1.0,2024-01-22T02:01:42.759Z,2024-01-22T02:01:44Z,false
d052380777c840dca45cf1edee2710b0,Gram,113.398,1.0,2024-01-22T02:01:42.759Z,2024-01-22T02:01:44Z,false
d26a71c9eb53456bb57be1a550b4d762,Serving,1.0,1.0,2023-11-29T20:29:42Z,2023-11-29T20:29:43Z,false
d27449ef668f4cd0a6fa287692759087,Each,1.0,1.0,2025-12-15T15:32:28.792Z,2025-12-15T15:32:30Z,false
d27449ef668f4cd0a6fa287692759087,Gram,119.028,1.0,2025-12-15T15:32:28.793Z,2025-12-15T15:32:30Z,false
d3a3be4e57794ed4ae77a75397fce2f0,Gram,40.0,0.493827,2024-03-13T01:59:37.381Z,2024-03-13T01:59:38Z,false
d3d7647cf7324b28b1aee56be82f8747,Cup,0.5,1.0,2025-03-24T03:46:04.344Z,2025-03-24T03:46:05Z,false
d3d7647cf7324b28b1aee56be82f8747,Gram,35.0,1.0,2025-03-24T03:46:04.345Z,2025-03-24T03:46:05Z,false
d3d7647cf7324b28b1aee56be82f8747,Serving,1.0,1.0,2025-03-24T03:46:04.345Z,2025-03-24T03:46:05Z,false
d40c498f3b7c4c1082434f3efa7d24a2,Piece,2.0,1.0,2025-01-18T01:34:34.028Z,2025-01-18T01:34:35Z,false
d42f37e5ff88428fac6e2b37f9331aa1,Each,1.0,1.0,2023-11-30T06:22:06.192Z,2023-11-30T06:22:07Z,false
d42f37e5ff88428fac6e2b37f9331aa1,Gram,184.0,1.0,2023-11-30T06:22:06.192Z,2023-11-30T06:22:07Z,false
d4bedc9703294b2c89287dd550bc712d,Slice,16.0,1.77778,2025-03-22T00:27:26.982Z,2025-03-22T00:27:30Z,false
d62c089d02ed44e486ddfb565922b251,Gram,152.0,1.34118,2024-01-31T02:42:13Z,2024-01-31T02:42:13Z,false
d62ed4d9c6f949c18761f2239d86144e,Cup,1.0,1.0,2025-01-12T16:39:22.012Z,2025-01-12T16:39:23Z,false
d62ed4d9c6f949c18761f2239d86144e,Gram,85.0,1.0,2025-01-12T16:39:22.011Z,2025-01-12T16:39:23Z,false
d62ed4d9c6f949c18761f2239d86144e,Milliliter,236.588,1.0,2025-01-12T16:39:22.012Z,2025-01-12T16:39:23Z,false
d62ed4d9c6f949c18761f2239d86144e,Serving,1.0,1.0,2025-01-12T16:39:22.012Z,2025-01-12T16:39:23Z,false
d6b8a4b949e14b16ad145e64ea64982c,Cup,0.25,1.0,2025-01-16T01:05:00.747Z,2025-01-16T01:05:01Z,false
d6b8a4b949e14b16ad145e64ea64982c,Gram,43.0,1.0,2025-01-16T01:05:00.747Z,2025-01-16T01:05:01Z,false
d6b8a4b949e14b16ad145e64ea64982c,Serving,1.0,1.0,2025-01-16T01:05:00.747Z,2025-01-16T01:05:01Z,false
d74139c25f214850b5fd03a73d786687,Each,3.0,1.0,2025-04-03T03:43:20.403Z,2025-04-03T03:43:22Z,false
d767d4cba7d249488d0e08f2c10da0d7,Each,1.0,0.5,2025-04-18T17:02:33.438Z,2025-04-18T17:02:35Z,false
d796e3459fef45199cf5022060c94031,Tablespoon,0.5,0.492893,2025-01-11T04:32:49.255Z,2025-01-11T04:32:50Z,false
d796e3459fef45199cf5022060c94031,Gram,14.0,1.0,2025-01-04T05:06:38.774Z,2025-01-04T05:06:39Z,false
d796e3459fef45199cf5022060c94031,Milliliter,15.0,1.0,2025-01-04T05:06:38.774Z,2025-01-04T05:06:39Z,false
d796e3459fef45199cf5022060c94031,Serving,1.0,1.0,2025-01-04T05:06:38.774Z,2025-01-04T05:06:39Z,false
d7a2f265e3c4438297adc0bc5b70e352,Gram,49.0,1.0,2025-02-03T20:22:35.943Z,2025-02-03T20:22:36Z,false
d7a2f265e3c4438297adc0bc5b70e352,Slice,2.01765,1.0,2025-02-03T20:22:35.943Z,2025-02-03T20:22:36Z,false
d7f98d4eae5c43aabd61e346476b4d43,Ounce,12.0,1.0,2025-04-17T22:11:07.061Z,2025-04-17T22:11:09Z,false
d7f98d4eae5c43aabd61e346476b4d43,Gram,340.194,1.0,2025-04-17T22:11:07.062Z,2025-04-17T22:11:09Z,false
d7ffd7cc1a1a485784b0d0520ad263bd,Each,1.0,1.0,2025-03-28T17:23:28.599Z,2025-03-28T17:23:29Z,false
d8e6fd683d504391ac3f877f32bc2e00,Gram,100.0,1.0,2023-12-01T06:34:07.009Z,2023-12-01T06:34:08Z,false
d8ee6011b6ef4738a6bb90af841c9d84,Each,2.0,1.0,2024-03-22T07:22:33.123Z,2024-03-22T07:22:34Z,false
d96862d6e885415b86e545a4861f4b14,Cup,0.5,0.5,2024-02-14T16:26:13Z,2024-03-19T01:56:04Z,false
d96862d6e885415b86e545a4861f4b14,Ounce,8.0,2.26796,2024-03-19T01:56:03Z,2024-03-19T01:56:04Z,false
d96862d6e885415b86e545a4861f4b14,Gram,170.0,1.7,2024-02-14T16:26:13Z,2024-03-19T01:56:04Z,false
d96862d6e885415b86e545a4861f4b14,Milliliter,118.294,0.5,2024-02-14T16:26:13Z,2024-03-19T01:56:04Z,false
da33463992b84485800b1f2654636a8e,Ounce,2.0,1.0,2024-01-25T02:22:51.970Z,2024-01-25T02:22:52Z,false
da33463992b84485800b1f2654636a8e,Gram,56.699,1.0,2024-01-25T02:22:51.971Z,2024-01-25T02:22:52Z,false
da33463992b84485800b1f2654636a8e,Serving,1.0,0.987672,2024-01-25T02:22:51.970Z,2024-01-25T02:22:52Z,false
db06b514c182465396f4ccd43e96123d,Gram,452.0,4.0,2024-02-07T20:05:04.761Z,2024-02-07T20:05:06Z,false
dce7f3de4e584956abad0e774c1740db,Tablespoon,1.0,0.145,2025-03-28T21:54:39.828Z,2025-03-28T21:55:40Z,false
dd0b9ccd93394603aee564233efdd320,Gram,85.0,1.0,2025-02-09T01:22:16.412Z,2025-02-09T01:22:20Z,false
dd160a9cb4174c9c83e12d25fad010b7,Ounce,6.0,1.0,2025-01-05T22:54:32.385Z,2025-01-05T22:54:36Z,false
dd160a9cb4174c9c83e12d25fad010b7,Gram,170.097,1.0,2025-01-05T22:54:32.385Z,2025-01-05T22:54:36Z,false
dddde7d1f39e45768cda03b5fc3ea18c,Each,1.0,1.0,2025-12-14T00:51:40.720Z,2025-12-14T00:51:42Z,false
de1edeedfdb7460697e3150aec10e801,Gram,120.0,2.0,2025-04-16T00:30:31.627Z,2025-04-16T00:30:33Z,false
de2250ad992e49cc946a2f0b62305810,Serving,1.0,1.0,2024-01-28T19:48:12.980Z,2024-01-28T19:48:14Z,false
de624a8a236640408a86700d63fc63b6,Gram,56.0,1.0,2025-11-27T20:13:17.755Z,2025-11-27T20:13:19Z,false
de624a8a236640408a86700d63fc63b6,Slice,2.0,1.0,2025-11-27T20:13:17.761Z,2025-11-27T20:13:19Z,false
dede95ccd4c74cc7a6b5cdb4aee74640,Ounce,4.0,1.0,2024-02-06T02:19:33.270Z,2024-02-06T02:19:34Z,false
dede95ccd4c74cc7a6b5cdb4aee74640,Gram,113.398,1.0,2024-02-06T02:19:33.271Z,2024-02-06T02:19:34Z,false
df2a2ab9b12b42b493ef8bd1bf882e80,Tablespoon,2.0,1.0,2025-02-17T15:27:32.293Z,2025-02-17T15:27:33Z,false
df2a2ab9b12b42b493ef8bd1bf882e80,Gram,32.0,1.0,2025-02-17T15:27:32.294Z,2025-02-17T15:27:33Z,false
df2a2ab9b12b42b493ef8bd1bf882e80,Milliliter,29.5736,1.0,2025-02-17T15:27:32.294Z,2025-02-17T15:27:33Z,false
df80f864b00549eaa4df814963069e50,Ounce,6.0,1.0,2025-01-07T23:22:42.716Z,2025-01-07T23:22:44Z,false
df80f864b00549eaa4df814963069e50,Gram,114.0,0.670206,2025-01-07T23:22:42.717Z,2025-01-07T23:22:44Z,false
e08e250e97f542a9bfca59a4d787df3a,Each,1.0,1.0,2025-12-11T04:37:25.275Z,2025-12-11T04:37:26Z,false
e0913d4031934dcb9af51ddd2af3d094,Gram,28.0,1.0,2025-12-15T19:39:28.823Z,2025-12-15T19:39:31Z,false
e0913d4031934dcb9af51ddd2af3d094,Slice,1.0,1.0,2025-12-15T19:39:28.823Z,2025-12-15T19:39:31Z,false
e157f71d26894e88844b991199ee06c3,Gram,212.0,1.0,2023-12-01T05:28:59.628Z,2023-12-01T05:29:02Z,false
e24ba924532045f5aafb07179490bfe8,Gram,32.0,1.0,2025-04-18T14:48:53.083Z,2025-04-18T14:48:58Z,false
e24ba924532045f5aafb07179490bfe8,Slice,1.0,1.0,2025-04-18T14:48:53.084Z,2025-04-18T14:48:58Z,false
e30bd3baaf1546ef9bd663dda7039198,Ounce,1.0,1.0,2024-03-11T15:06:57.524Z,2024-03-11T15:06:59Z,false
e34ef6ca6ffe4a6ba004aaf70e79c4b0,Gram,56.0,1.0,2025-04-15T18:29:32.579Z,2025-04-15T18:29:43Z,false
e34ef6ca6ffe4a6ba004aaf70e79c4b0,Serving,1.0,1.0,2025-04-15T18:29:32.579Z,2025-04-15T18:29:43Z,false
e5488a5ba0724d6594ec40fbf1b7cd3b,Ounce,5.0,1.0,2025-01-28T01:27:59.489Z,2025-01-28T01:28:58Z,false
e5488a5ba0724d6594ec40fbf1b7cd3b,Gram,141.747,1.0,2025-01-28T01:27:59.489Z,2025-01-28T01:28:58Z,false
e58dddee061745a59a0d7b7630e62250,Gram,150.0,1.0,2025-02-05T01:13:35.352Z,2025-02-05T01:13:36Z,false
e71dee06da8a4689b3e70e322775c611,Serving,1.0,1.0,2024-01-22T02:25:30.131Z,2024-01-22T02:25:31Z,false
e760e020dda44d85b77d7c4febbae731,Cup,0.75,1.0,2024-01-31T02:46:01Z,2024-01-31T02:46:01Z,false
e760e020dda44d85b77d7c4febbae731,Gram,45.0,1.0,2024-01-31T02:46:01Z,2024-01-31T02:46:01Z,false
e760e020dda44d85b77d7c4febbae731,Milliliter,177.441,1.0,2024-01-31T02:46:01Z,2024-01-31T02:46:01Z,false
e760e020dda44d85b77d7c4febbae731,Serving,1.0,1.0,2024-01-31T02:46:01Z,2024-01-31T02:46:01Z,false
e7ead450db4740a39bee6027b96ef723,Each,60.0,60.0,2026-01-08T02:04:26.790Z,2026-01-08T02:05:24Z,false
e80afe3e35244204bb39f29af4b703fc,Gram,55.0,1.0,2025-01-19T19:14:28.639Z,2025-01-19T19:14:29Z,false
e80afe3e35244204bb39f29af4b703fc,Slice,2.0,1.0,2025-01-19T19:14:28.640Z,2025-01-19T19:14:29Z,false
e85161ae49a849599aaec5371d2be321,Cup,1.0,1.0,2025-01-15T01:27:02.316Z,2025-01-15T01:27:03Z,false
e85161ae49a849599aaec5371d2be321,Milliliter,236.588,1.0,2025-01-15T01:27:02.317Z,2025-01-15T01:27:03Z,false
e9071f9e800244be90253250814862c3,Slice,1.0,1.0,2025-04-15T18:29:40.468Z,2025-04-15T18:29:47Z,false
e9339958606a443b80fae64d7092c13d,Each,1.0,1.0,2024-01-21T21:33:43.651Z,2024-01-21T21:33:45Z,false
e9339958606a443b80fae64d7092c13d,Gram,182.0,1.0,2024-01-21T21:33:43.652Z,2024-01-21T21:33:45Z,false
e95e942313c24182a9e089219835b410,Piece,3.0,1.0,2025-01-12T03:23:37.574Z,2025-01-12T03:23:39Z,false
e9ef990bd73d4480a64b574722fed952,Cup,1.0,2.4,2023-12-01T02:27:56.545Z,2023-12-01T02:27:58Z,false
eacb233363194c9a9c347ebf316ab1ff,Serving,1.0,1.0,2024-01-20T07:11:31.164Z,2024-01-20T07:11:32Z,false
eafc9782ede745549b50ccf2eb13057c,Serving,1.0,1.0,2025-03-04T23:54:33.933Z,2025-03-04T23:54:35Z,false
ebf4496cc7d6449fb487175b42902648,Gram,226.0,1.0,2024-01-27T21:40:42.283Z,2024-01-27T21:40:43Z,false
ec26254405d94c5386191165ac1074fb,Gram,84.0,1.0,2025-12-12T23:20:09.614Z,2025-12-12T23:20:19Z,false
ec26254405d94c5386191165ac1074fb,Serving,1.0,1.0,2025-12-12T23:20:09.614Z,2025-12-12T23:20:19Z,false
ecf1d435e9d64ab489079d205ddc416e,Cup,3.32,1.0,2025-03-26T00:44:07.624Z,2025-03-26T00:44:09Z,false
ecf1d435e9d64ab489079d205ddc416e,Gram,332.0,1.0,2025-03-26T00:44:07.624Z,2025-03-26T00:44:09Z,false
ecf1d435e9d64ab489079d205ddc416e,Milliliter,785.472,1.0,2025-03-26T00:44:07.624Z,2025-03-26T00:44:09Z,false
ecf1d435e9d64ab489079d205ddc416e,Serving,3.333,1.0,2025-03-26T00:44:07.625Z,2025-03-26T00:44:09Z,false
ecf1d435e9d64ab489079d205ddc416e,Package,1.0,1.0,2025-03-26T00:44:07.625Z,2025-03-26T00:44:09Z,false
ed04aa7eb6fe46cdb4191a67c94c3c21,Gram,130.0,1.0,2025-03-23T23:05:55.605Z,2025-03-23T23:05:56Z,false
ed04aa7eb6fe46cdb4191a67c94c3c21,Serving,1.0,1.0,2025-03-23T23:05:55.605Z,2025-03-23T23:05:56Z,false
ed4d89bf65264497a39d79351209e9c0,Serving,1.0,1.0,2024-01-23T05:20:21.533Z,2024-01-23T05:20:34Z,false
ed6df177a443447797fd8c5f516fb790,Serving,1.0,1.0,2025-01-03T19:24:13.170Z,2025-01-03T19:24:14Z,false
ee739744dff047b79aee1542d402dae3,Gram,37.0,1.0,2023-11-28T16:37:42.412Z,2023-11-28T16:37:45Z,false
ef4d2fb727094c4e95c3d0730bd04cdc,Cup,1.0,1.0,2025-01-16T01:03:31.340Z,2025-01-16T01:03:32Z,false
efa4f35ecb5645e6af1337e8f186ff3d,Piece,1.0,1.0,2025-02-05T04:16:00.181Z,2025-02-05T04:16:01Z,false
f08f7f93f8804d3dbf05c461c07671fa,Each,7.0,1.0,2025-01-20T00:43:37.346Z,2025-01-20T00:43:38Z,false
f0cb698431074ebea6fdbe4136a0a6ce,Serving,1.0,1.0,2025-02-19T01:50:27.721Z,2025-02-19T01:50:29Z,false
f0d4f3469a2042b1978372a13f466a72,Package,1.0,1.0,2024-02-02T22:16:52.361Z,2024-02-02T22:16:53Z,false
f0d8331a721e4409820b4fdcde496f41,Serving,1.0,1.0,2025-12-10T06:08:11.783Z,2025-12-10T06:08:14Z,false
f1b40f9fe6bf4bcabf4a7cacfe484b63,Gram,269.0,1.0,2025-12-12T19:57:19.255Z,2025-12-12T19:57:20Z,false
f1b40f9fe6bf4bcabf4a7cacfe484b63,Serving,1.0,1.0,2025-12-12T19:57:19.255Z,2025-12-12T19:57:20Z,false
f2019bc8532d4147ac4265353b1371b4,Piece,3.0,1.0,2025-11-26T22:02:31.825Z,2025-11-26T22:02:33Z,false
f2019bc8532d4147ac4265353b1371b4,Each,3.0,1.0,2025-11-26T22:02:31.828Z,2025-11-26T22:02:33Z,false
f2019bc8532d4147ac4265353b1371b4,Gram,30.0,1.0,2025-11-26T22:02:31.830Z,2025-11-26T22:02:33Z,false
f32b5a5cbfc5472b99ee1f92e29cb9ec,Piece,2.0,0.222222,2024-02-01T06:56:10.327Z,2024-02-01T06:56:11Z,false
f3553310777b4128bb35721156351ab9,Gram,28.0,1.0,2025-01-14T06:21:46.953Z,2025-01-14T06:21:47Z,false
f3553310777b4128bb35721156351ab9,Serving,1.0,1.0,2025-01-14T06:21:46.954Z,2025-01-14T06:21:47Z,false
f3553310777b4128bb35721156351ab9,Pouch,1.0,1.0,2025-01-14T06:21:46.954Z,2025-01-14T06:21:47Z,false
f366a5cb51d2441b8b1ef0adab804ca3,Gram,24.0,1.0,2025-02-12T00:32:48.836Z,2025-02-12T00:34:25Z,false
f366a5cb51d2441b8b1ef0adab804ca3,Container,1.0,1.0,2025-02-12T00:32:48.836Z,2025-02-12T00:34:25Z,false
f3cfccdb5acd46cfba19593a51f2524f,Piece,20.0,1.0,2025-03-20T19:07:57.769Z,2025-03-20T19:07:59Z,false
f3cfccdb5acd46cfba19593a51f2524f,Gram,28.0,1.0,2025-03-20T19:07:57.769Z,2025-03-20T19:07:59Z,false
f3fcd57641e241e1876a04753a1d4520,Teaspoon,2.0,0.0899998,2025-04-04T14:52:30.949Z,2025-04-04T14:52:32Z,false
f3fcd57641e241e1876a04753a1d4520,Tablespoon,1.0,0.135,2025-04-04T14:52:30.949Z,2025-04-04T14:52:32Z,false
f4059d91082248cbbd30f2abf2356f76,Ounce,16.0,1.0,2025-03-21T00:18:12.252Z,2025-03-21T00:18:13Z,false
f4059d91082248cbbd30f2abf2356f76,Gram,453.592,1.0,2025-03-21T00:18:12.253Z,2025-03-21T00:18:13Z,false
f478a421d346448787bd4f0747254bd0,Each,1.0,1.0,2025-01-14T00:49:50.558Z,2025-01-14T00:49:51Z,false
f478a421d346448787bd4f0747254bd0,Gram,47.0,1.0,2025-01-14T00:49:50.558Z,2025-01-14T00:49:51Z,false
f5034a229f6040808c1371a14fb7b9e6,Gram,187.0,1.24667,2024-02-14T03:22:15.166Z,2024-02-14T03:22:41Z,false
f5034a229f6040808c1371a14fb7b9e6,Serving,1.0,1.0,2024-02-14T03:22:15.166Z,2024-02-14T03:22:41Z,false
f54df20c4f8b4596acdccddb72b17893,Gram,100.0,12.5,2025-03-25T03:05:20.753Z,2025-03-25T03:05:25Z,false
f55f9686efbc4040afc812d58e1b934e,Teaspoon,0.5,0.166666,2024-02-27T02:38:57Z,2024-03-19T01:56:10Z,false
f55f9686efbc4040afc812d58e1b934e,Tablespoon,0.5,0.5,2023-11-28T20:38:03Z,2024-03-19T01:56:10Z,false
f55f9686efbc4040afc812d58e1b934e,Gram,14.0,1.0,2023-11-28T20:38:03Z,2024-03-19T01:56:10Z,false
f55f9686efbc4040afc812d58e1b934e,Milliliter,14.8,1.00089,2023-11-28T20:38:03Z,2024-03-19T01:56:10Z,false
f560f93e76eb4184b3437c1a1ae8d53d,Fluid ounce,4.0,1.0,2025-12-11T02:05:39.662Z,2025-12-11T02:05:40Z,false
f560f93e76eb4184b3437c1a1ae8d53d,Bottle,0.157233,1.0,2025-12-11T02:05:39.662Z,2025-12-11T02:05:40Z,false
f560f93e76eb4184b3437c1a1ae8d53d,Serving,1.0,1.0,2025-12-11T02:05:39.661Z,2025-12-11T02:05:40Z,false
f591042444ee4cc884234be1b79da62f,Gram,28.0,1.0,2025-02-15T20:09:39.736Z,2025-02-15T20:09:43Z,false
f591042444ee4cc884234be1b79da62f,Slice,1.0,1.0,2025-02-15T20:09:39.736Z,2025-02-15T20:09:43Z,false
f615911c31d84f8db3880d38817cc54f,Piece,1.0,1.0,2025-12-15T19:39:21.457Z,2025-12-15T19:39:31Z,false
f615911c31d84f8db3880d38817cc54f,Gram,19.0,1.0,2025-12-15T19:39:21.458Z,2025-12-15T19:39:31Z,false
f66e83319cc24498bcbfb945676ac96b,Piece,6.0,0.428571,2024-01-31T20:13:27Z,2024-01-31T20:13:27Z,false
f66e83319cc24498bcbfb945676ac96b,Gram,28.0,1.0,2024-01-31T20:13:27Z,2024-01-31T20:13:27Z,false
f66e83319cc24498bcbfb945676ac96b,Serving,1.0,1.0,2024-01-31T20:13:27Z,2024-01-31T20:13:27Z,false
f74ff904922e488fb95fb4ba4bd68201,Serving,1.0,1.0,2025-01-03T00:54:02.908Z,2025-01-03T01:30:22Z,false
f7551ba69888447ea15e2cb556b8ce5c,Each,1.0,0.81,2025-04-01T22:43:51.054Z,2025-04-01T22:43:52Z,false
f7551ba69888447ea15e2cb556b8ce5c,Gram,100.0,1.0,2025-04-01T22:43:51.055Z,2025-04-01T22:43:52Z,false
f7e9e439e9d5482d953989f85aefefba,Gram,29.125,1.0,2024-03-22T07:23:12.131Z,2024-03-22T07:23:15Z,false
f7ed2e35c23249d7b43d8d4eb3cfbc6c,Each,1.0,1.0,2024-02-01T06:34:35.781Z,2024-02-01T06:34:37Z,false
f81ba19b20ca4f34814120b7a64721eb,Ounce,4.0,1.0,2024-03-05T01:59:23.624Z,2024-03-05T01:59:24Z,false
f81ba19b20ca4f34814120b7a64721eb,Gram,113.398,1.0,2024-03-05T01:59:23.624Z,2024-03-05T01:59:24Z,false
f88f6889343442c88cd4c3a0be729a2e,Each,2.0,1.0,2025-04-02T05:22:20.010Z,2025-04-02T05:22:21Z,false
f88f6889343442c88cd4c3a0be729a2e,Gram,24.0,1.0,2025-04-02T05:22:20.010Z,2025-04-02T05:22:21Z,false
f97a3f1c40b44623a2926300dc7afa75,Cup,0.25,1.0,2023-12-01T02:27:03.180Z,2023-12-01T02:27:04Z,false
f97a3f1c40b44623a2926300dc7afa75,Gram,43.0,1.0,2023-12-01T02:27:03.180Z,2023-12-01T02:27:04Z,false
f97a3f1c40b44623a2926300dc7afa75,Milliliter,59.147,1.0,2023-12-01T02:27:03.180Z,2023-12-01T02:27:04Z,false
f99067af62c94fd0ba29e0a03620eaa7,Tablespoon,1.0,0.73934,2025-01-21T01:49:09.855Z,2025-01-21T01:49:13Z,false
f99067af62c94fd0ba29e0a03620eaa7,Milliliter,20.0,1.0,2025-01-21T01:49:09.856Z,2025-01-21T01:49:13Z,false
f99067af62c94fd0ba29e0a03620eaa7,Tablespoon,1.0,1.0,2025-01-21T01:49:09.855Z,2025-01-21T01:49:13Z,false
f99f1749b20f4715be95bed901fef779,Serving,1.0,1.0,2025-12-09T04:24:15.584Z,2025-12-09T04:25:24Z,false
f99f1749b20f4715be95bed901fef779,Package,0.333,1.0,2025-12-09T04:24:15.584Z,2025-12-09T04:25:24Z,false
f9be465b9f64439b80255abd75cafe65,Ounce,4.0,1.0,2025-04-17T21:35:18.525Z,2025-04-17T21:35:27Z,false
f9be465b9f64439b80255abd75cafe65,Gram,113.398,1.0,2025-04-17T21:35:18.525Z,2025-04-17T21:35:27Z,false
fb4175e07e1540089c226de51f711148,Cup,0.5,2.0,2025-01-19T01:05:01.291Z,2025-01-19T01:05:01Z,false
fbfbc75700694b75aeb36cf460b3cc80,Serving,1.0,1.0,2025-03-21T23:49:22.547Z,2025-03-21T23:50:15Z,false
fd2cf55f94b749d4b73fa4d4fff63a91,Serving,1.0,1.0,2025-04-04T14:52:36.721Z,2025-04-04T14:52:38Z,false
fd62244e9ec54b7499302267487c08cd,Ounce,2.0,1.0,2024-03-09T18:27:22.524Z,2024-03-09T18:27:23Z,false
ff59ae027f1440c0b71db53b4da2b503,Gram,100.0,1.0,2025-11-22T00:55:29.238Z,2025-11-22T00:55:31Z,false
ff59ae027f1440c0b71db53b4da2b503,Dry Cup,1.0,1.0,2025-11-22T00:55:29.239Z,2025-11-22T00:55:31Z,false
