Date,Food cals,Exercise cals,Budget cals,EER
10/10/2012,2026.61,319.324,1585.13,2585.13
10/11/2012,1711.0,0.0,1835.13,2585.13
10/12/2012,1051.03,0.0,1835.13,2585.13
11/14/2012,311.614,0.0,1835.13,2585.13
07/24/2016,0.0,133.0,1835.13,2585.13
07/25/2016,0.0,79.0,1835.13,2585.13
07/26/2016,0.0,172.0,1835.13,2585.13
07/27/2016,0.0,122.0,1835.13,2585.13
07/28/2016,0.0,220.0,1835.13,2585.13
07/29/2016,0.0,0.0,1835.13,2585.13
07/30/2016,0.0,333.0,1835.13,2585.13
07/31/2016,0.0,14.0,2010.6,2510.6
08/01/2016,1860.0,182.0,2010.6,2510.6
08/02/2016,1315.0,16.0,1727.75,2477.75
08/03/2016,1788.0,113.0,1729.06,2479.06
08/04/2016,2067.52,340.0,1735.63,2485.63
08/05/2016,1748.0,59.0,1740.89,2490.89
08/06/2016,1736.23,81.0,1722.49,2472.49
08/07/2016,1617.0,0.0,1725.12,2475.12
08/08/2016,1751.0,100.0,1721.18,2471.18
08/09/2016,1910.0,257.0,1721.18,2471.18
08/10/2016,1819.61,250.0,1713.29,2463.29
08/11/2016,1943.48,229.0,1714.6,2464.6
08/12/2016,1874.0,307.0,1714.6,2464.6
08/13/2016,2254.0,182.0,1714.6,2464.6
08/14/2016,2237.4,197.0,1723.8,2473.8
08/15/2016,1879.0,192.0,1709.35,2459.35
08/16/2016,1835.0,148.0,1708.03,2458.03
08/17/2016,1860.0,181.0,1708.03,2458.03
08/18/2016,1822.55,112.0,1710.66,2460.66
08/19/2016,1754.0,179.0,1710.66,2460.66
08/20/2016,2063.64,80.0,1709.35,2459.35
08/21/2016,2120.0,0.0,1709.35,2459.35
08/22/2016,2590.0,586.0,1709.35,2459.35
08/23/2016,3140.0,420.0,1709.35,2459.35
08/24/2016,1850.0,116.0,1708.03,2458.03
08/25/2016,1995.0,209.0,1702.78,2452.78
08/26/2016,1860.0,59.0,1702.78,2452.78
08/27/2016,1790.0,70.0,1708.03,2458.03
08/28/2016,1743.12,0.0,1700.15,2450.15
08/29/2016,1812.64,197.0,1696.21,2446.21
08/30/2016,1865.84,156.0,1696.21,2446.21
08/31/2016,2250.0,135.0,1689.64,2439.64
09/01/2016,2520.0,242.0,1689.64,2439.64
09/02/2016,2535.0,181.0,1689.64,2439.64
09/03/2016,1220.0,191.0,1689.64,2439.64
09/04/2016,0.0,234.0,1689.64,2439.64
09/05/2016,0.0,120.0,1689.64,2439.64
09/06/2016,1510.0,13.0,1694.89,2444.89
09/07/2016,1715.0,117.0,1688.32,2438.32
09/08/2016,1694.0,53.0,1688.32,2438.32
09/09/2016,1992.0,154.0,1683.07,2433.07
09/10/2016,1840.0,18.0,1681.75,2431.75
09/11/2016,1950.0,160.0,1688.32,2438.32
09/12/2016,1709.0,113.0,1675.18,2425.18
09/13/2016,1898.0,55.0,1672.55,2422.55
09/14/2016,1712.0,73.0,1673.87,2423.87
09/15/2016,1900.0,269.0,1679.12,2429.12
09/16/2016,2570.0,95.0,1673.87,2423.87
09/17/2016,1732.06,100.0,1673.87,2423.87
09/18/2016,1962.5,121.0,1684.38,2434.38
09/19/2016,1714.0,102.0,1665.98,2415.98
09/20/2016,1890.0,197.0,1668.61,2418.61
09/21/2016,1725.0,95.0,1667.3,2417.3
09/22/2016,2090.0,228.0,1673.87,2423.87
09/23/2016,1095.0,78.0,1673.87,2423.87
09/25/2016,1601.0,77.0,1669.93,2419.93
09/24/2016,0.0,50.0,1673.87,2423.87
09/26/2016,2067.0,141.0,1681.75,2431.75
10/03/2016,1830.0,72.0,2409.41,2409.41
10/02/2016,0.0,82.0,1659.41,2409.41
10/04/2016,0.0,96.0,2409.41,2409.41
09/27/2016,1610.0,70.0,1664.67,2414.67
09/28/2016,1597.0,12.0,1664.67,2414.67
09/29/2016,1500.0,144.0,1664.67,2414.67
09/30/2016,960.0,49.0,1659.41,2409.41
10/01/2016,0.0,0.0,1659.41,2409.41
07/14/2019,0.0,0.0,1888.01,2388.01
07/16/2019,1909.0,186.318,1936.63,2436.63
07/15/2019,2000.0,129.387,1936.63,2436.63
07/17/2019,2160.0,212.195,1936.63,2436.63
07/19/2019,0.0,0.0,1936.63,2436.63
07/18/2019,2386.0,137.15,1936.63,2436.63
08/15/2019,0.0,131.975,1936.63,2436.63
08/16/2019,0.0,0.0,1939.26,2439.26
09/01/2019,0.0,197.151,1939.26,2439.26
09/02/2019,0.0,41.5055,1939.26,2439.26
09/03/2019,1695.0,94.9242,1927.43,2427.43
09/04/2019,2015.0,66.7035,1927.43,2427.43
09/06/2019,1910.0,184.031,1923.49,2423.49
09/05/2019,1950.0,76.9656,1927.43,2427.43
09/07/2019,1585.0,0.0,1923.49,2423.49
09/10/2019,2050.0,69.0118,1923.49,2423.49
09/08/2019,1300.0,0.0,1918.23,2418.23
09/09/2019,1607.0,92.0157,1916.92,2416.92
09/11/2019,800.0,0.0,1916.92,2416.92
11/30/2019,0.0,17.7808,1916.92,2416.92
12/01/2019,2028.0,115.956,1706.34,2456.34
12/02/2019,1721.0,121.227,1706.34,2456.34
12/03/2019,2015.0,102.779,1706.34,2456.34
12/04/2019,1803.0,169.534,1678.75,2428.75
12/05/2019,2037.0,128.435,1678.75,2428.75
12/06/2019,1791.0,118.16,1678.75,2428.75
12/07/2019,1685.0,25.6869,1678.75,2428.75
12/08/2019,1704.0,0.0,1674.8,2424.8
12/09/2019,1755.0,99.3122,1669.55,2419.55
12/10/2019,2092.0,0.0,1669.55,2419.55
12/11/2019,2001.0,97.1277,1673.49,2423.49
12/12/2019,998.0,38.3399,1673.49,2423.49
12/13/2019,0.0,61.3438,1673.49,2423.49
12/14/2019,1654.0,0.0,1681.38,2431.38
12/15/2019,1575.0,51.2468,1676.12,2426.12
12/16/2019,1910.0,109.361,1668.23,2418.23
12/17/2019,2060.0,90.0725,1651.15,2401.15
12/18/2019,920.0,112.591,1651.15,2401.15
12/19/2019,0.0,0.0,1651.15,2401.15
12/20/2019,0.0,0.0,1680.06,2430.06
12/26/2019,0.0,0.0,1684.66,2434.66
12/25/2019,0.0,0.0,1680.06,2430.06
01/04/2020,0.0,0.0,1684.66,2434.66
01/05/2020,1973.0,160.145,1680.06,2430.06
01/06/2020,1725.0,28.2905,1678.75,2428.75
01/07/2020,1735.0,123.999,1662.98,2412.98
01/08/2020,1949.0,127.006,1666.92,2416.92
01/09/2020,2001.0,60.9628,1666.92,2416.92
01/10/2020,2025.0,0.0,1666.92,2416.92
01/11/2020,2175.0,10.2621,1677.43,2427.43
01/12/2020,2076.0,0.0,1677.43,2427.43
01/13/2020,2076.0,118.014,1677.43,2427.43
01/16/2020,0.0,205.241,1677.43,2427.43
01/17/2020,2073.0,101.478,1665.61,2415.61
01/18/2020,2258.0,0.0,1661.66,2411.66
01/19/2020,1950.0,0.0,1668.23,2418.23
01/20/2020,1984.0,0.0,1660.35,2410.35
01/21/2020,1979.0,133.785,1660.35,2410.35
02/04/2020,0.0,0.0,1660.35,2410.35
02/05/2020,0.0,5.04848,1660.35,2410.35
02/19/2020,0.0,0.0,1660.35,2410.35
02/20/2020,0.0,217.085,1660.35,2410.35
06/03/2020,0.0,125.928,1653.22,2403.22
06/04/2020,0.0,224.536,1653.22,2403.22
06/05/2020,0.0,282.986,1653.22,2403.22
06/08/2020,0.0,118.5,1653.22,2403.22
06/09/2020,0.0,107.753,1653.22,2403.22
06/18/2020,0.0,141.022,1653.22,2403.22
06/22/2020,0.0,92.9973,1653.22,2403.22
06/23/2020,0.0,117.097,1653.22,2403.22
06/24/2020,0.0,195.24,1653.22,2403.22
06/26/2020,1951.0,141.271,1947.9,2447.9
06/27/2020,1956.0,41.9119,1947.9,2447.9
06/28/2020,2303.0,0.0,1942.64,2442.64
06/29/2020,1917.0,283.746,1936.07,2436.07
06/30/2020,1866.0,166.049,1938.7,2438.7
07/01/2020,2070.0,256.981,1934.75,2434.75
07/02/2020,2190.0,203.333,1932.13,2432.13
07/03/2020,1985.0,173.379,1929.5,2429.5
07/04/2020,2355.0,215.837,1929.5,2429.5
07/05/2020,1973.0,98.4549,1934.75,2434.75
07/06/2020,2148.0,285.178,1930.81,2430.81
07/07/2020,1837.0,303.487,1930.81,2430.81
07/08/2020,2068.0,223.744,1920.3,2420.3
07/09/2020,2107.0,182.731,1922.93,2422.93
07/10/2020,2783.0,178.522,1932.13,2432.13
07/11/2020,2050.0,106.097,1926.87,2426.87
07/12/2020,1978.0,371.687,1929.5,2429.5
07/13/2020,2095.0,250.874,1922.93,2422.93
07/14/2020,2125.0,223.877,1916.36,2416.36
07/15/2020,2062.0,258.326,1920.3,2420.3
07/16/2020,2068.0,252.938,1916.36,2416.36
07/17/2020,2058.0,187.514,1922.93,2422.93
07/18/2020,2378.0,476.174,1920.3,2420.3
07/19/2020,2139.0,443.214,1922.93,2422.93
07/20/2020,2144.0,227.286,1922.93,2422.93
07/21/2020,2005.0,194.26,1922.93,2422.93
07/22/2020,2091.0,215.226,1916.36,2416.36
07/24/2020,0.0,0.0,1915.04,2415.04
07/23/2020,2193.0,158.225,1916.36,2416.36
09/21/2020,0.0,101.918,1915.04,2415.04
09/22/2020,0.0,132.039,1915.04,2415.04
09/23/2020,0.0,281.336,1915.04,2415.04
09/24/2020,0.0,98.6607,1915.04,2415.04
09/27/2020,0.0,45.9507,1915.04,2415.04
09/28/2020,1845.0,168.492,1949.21,2449.21
09/29/2020,1689.0,252.076,1949.21,2449.21
09/30/2020,1590.0,210.474,1933.44,2433.44
10/01/2020,1999.0,226.462,1933.44,2433.44
10/02/2020,2043.0,106.358,1932.13,2432.13
10/03/2020,2008.0,46.6937,1932.13,2432.13
10/04/2020,1767.0,121.922,1932.13,2432.13
10/05/2020,1839.0,31.1291,1932.13,2432.13
10/06/2020,2619.0,89.9042,1932.13,2432.13
10/07/2020,1694.0,111.0,1921.61,2421.61
10/08/2020,1921.0,116.163,1926.87,2426.87
10/09/2020,1997.0,82.2997,1926.87,2426.87
10/10/2020,1985.0,102.875,1922.93,2422.93
10/11/2020,1870.0,0.0,1922.93,2422.93
10/12/2020,1955.0,181.974,1922.93,2422.93
10/13/2020,2125.0,166.139,1911.1,2411.1
10/14/2020,1762.0,102.24,1916.36,2416.36
10/15/2020,2209.0,134.794,1916.36,2416.36
10/16/2020,1896.0,84.0334,1911.1,2411.1
10/17/2020,2016.0,76.1082,1912.41,2412.41
10/18/2020,1930.0,143.701,1908.47,2408.47
10/19/2020,1952.0,50.4848,1901.9,2401.9
10/20/2020,2109.0,231.646,1903.22,2403.22
10/21/2020,2121.0,90.3011,1900.59,2400.59
10/22/2020,2005.0,121.011,1896.65,2396.65
10/23/2020,1883.0,17.6475,1901.9,2401.9
10/24/2020,1985.0,163.869,1901.9,2401.9
10/25/2020,2063.0,183.806,1901.9,2401.9
10/26/2020,1882.0,105.218,1903.22,2403.22
10/27/2020,1923.0,97.5785,1897.96,2397.96
10/28/2020,1939.0,142.434,1894.02,2394.02
10/29/2020,1937.0,20.0669,1892.7,2392.7
10/31/2020,0.0,0.0,1696.02,2446.02
11/05/2020,0.0,0.0,1696.02,2446.02
11/07/2020,0.0,0.0,1696.02,2446.02
11/11/2020,0.0,0.0,1696.02,2446.02
11/12/2020,0.0,0.0,1696.02,2446.02
11/15/2020,0.0,0.0,1696.02,2446.02
10/30/2020,2006.0,100.081,1894.02,2394.02
11/13/2020,0.0,90.3522,1696.02,2446.02
11/02/2020,0.0,405.661,1696.02,2446.02
11/03/2020,0.0,97.3667,1696.02,2446.02
11/09/2020,0.0,54.3568,1696.02,2446.02
11/23/2020,0.0,91.2625,1696.02,2446.02
11/24/2020,0.0,10.2346,1696.02,2446.02
12/12/2020,0.0,0.0,1696.02,2446.02
12/13/2020,0.0,330.612,1696.02,2446.02
12/14/2020,0.0,52.8979,1696.02,2446.02
12/15/2020,0.0,15.8694,1696.02,2446.02
12/16/2020,0.0,0.0,1696.02,2446.02
12/17/2020,0.0,0.0,1696.02,2446.02
12/18/2020,0.0,0.0,1696.02,2446.02
12/19/2020,0.0,37.0286,1696.02,2446.02
12/20/2020,0.0,21.1592,1696.02,2446.02
12/21/2020,0.0,92.5714,1696.02,2446.02
12/22/2020,0.0,100.506,1696.02,2446.02
12/23/2020,0.0,55.5428,1696.02,2446.02
12/24/2020,0.0,105.796,1696.02,2446.02
12/25/2020,0.0,31.7388,1696.02,2446.02
12/26/2020,0.0,0.0,1696.02,2446.02
12/27/2020,0.0,100.506,1696.02,2446.02
12/28/2020,0.0,150.759,1696.02,2446.02
12/29/2020,0.0,148.114,1696.02,2446.02
12/30/2020,0.0,195.722,1696.02,2446.02
12/31/2020,0.0,171.918,1696.02,2446.02
01/01/2021,0.0,137.535,1696.02,2446.02
01/02/2021,0.0,232.751,1696.02,2446.02
01/03/2021,0.0,142.824,1696.02,2446.02
01/04/2021,0.0,79.3469,1696.02,2446.02
01/05/2021,0.0,89.9265,1696.02,2446.02
01/06/2021,0.0,132.245,1696.02,2446.02
01/07/2021,0.0,166.629,1696.02,2446.02
01/08/2021,0.0,50.253,1696.02,2446.02
01/09/2021,0.0,2.6449,1696.02,2446.02
01/10/2021,0.0,100.506,1696.02,2446.02
01/16/2021,0.0,157.465,1696.02,2446.02
01/11/2021,0.0,0.0,1696.02,2446.02
01/12/2021,0.0,95.2163,1696.02,2446.02
01/13/2021,0.0,97.8612,1696.02,2446.02
01/14/2021,0.0,142.824,1696.02,2446.02
01/15/2021,0.0,74.0571,1696.02,2446.02
01/17/2021,0.0,121.665,1696.02,2446.02
01/18/2021,0.0,34.3837,1696.02,2446.02
01/19/2021,0.0,81.9918,1696.02,2446.02
01/20/2021,0.0,58.1877,1696.02,2446.02
01/21/2021,0.0,81.9918,1696.02,2446.02
01/22/2021,0.0,34.3837,1696.02,2446.02
01/23/2021,0.0,169.273,1696.02,2446.02
01/24/2021,0.0,0.0,1696.02,2446.02
01/25/2021,0.0,0.0,1696.02,2446.02
01/26/2021,0.0,81.9918,1696.02,2446.02
01/27/2021,0.0,0.0,1696.02,2446.02
01/28/2021,0.0,7.93469,1696.02,2446.02
01/29/2021,0.0,0.0,1696.02,2446.02
01/30/2021,0.0,145.469,1696.02,2446.02
01/31/2021,0.0,97.8612,1696.02,2446.02
02/01/2021,0.0,39.6735,1696.02,2446.02
02/02/2021,0.0,0.0,1696.02,2446.02
02/03/2021,0.0,137.535,1696.02,2446.02
02/04/2021,0.0,50.253,1696.02,2446.02
02/05/2021,0.0,119.02,1696.02,2446.02
02/06/2021,0.0,0.0,1696.02,2446.02
02/07/2021,0.0,214.237,1696.02,2446.02
02/08/2021,0.0,68.7673,1696.02,2446.02
02/09/2021,0.0,203.657,1696.02,2446.02
02/10/2021,0.0,121.665,1696.02,2446.02
02/11/2021,0.0,60.8326,1696.02,2446.02
02/12/2021,0.0,52.8979,1696.02,2446.02
02/13/2021,0.0,232.751,1696.02,2446.02
02/14/2021,0.0,0.0,1696.02,2446.02
02/15/2021,0.0,203.657,1696.02,2446.02
02/16/2021,0.0,121.665,1696.02,2446.02
02/17/2021,0.0,50.253,1696.02,2446.02
02/18/2021,0.0,129.6,1696.02,2446.02
02/19/2021,0.0,132.245,1696.02,2446.02
02/20/2021,0.0,269.78,1696.02,2446.02
02/21/2021,0.0,58.1877,1696.02,2446.02
02/22/2021,0.0,100.506,1696.02,2446.02
02/23/2021,0.0,58.1877,1696.02,2446.02
02/24/2021,0.0,15.8694,1696.02,2446.02
02/25/2021,0.0,81.9918,1696.02,2446.02
02/26/2021,0.0,29.0939,1696.02,2446.02
02/27/2021,0.0,296.228,1696.02,2446.02
02/28/2021,0.0,119.02,1696.02,2446.02
03/01/2021,0.0,31.7388,1696.02,2446.02
03/02/2021,0.0,13.2245,1696.02,2446.02
03/03/2021,0.0,0.0,1696.02,2446.02
03/04/2021,0.0,37.0286,1696.02,2446.02
03/05/2021,0.0,60.8326,1696.02,2446.02
03/06/2021,0.0,74.0571,1696.02,2446.02
03/07/2021,0.0,47.6081,1696.02,2446.02
03/08/2021,0.0,79.3469,1696.02,2446.02
03/09/2021,0.0,15.8694,1696.02,2446.02
03/10/2021,0.0,71.4122,1696.02,2446.02
03/11/2021,0.0,31.7388,1696.02,2446.02
03/12/2021,0.0,108.441,1696.02,2446.02
03/13/2021,0.0,150.759,1696.02,2446.02
03/14/2021,0.0,47.6081,1696.02,2446.02
03/15/2021,0.0,68.7673,1696.02,2446.02
03/16/2021,0.0,76.702,1696.02,2446.02
03/17/2021,0.0,74.0571,1696.02,2446.02
03/18/2021,0.0,0.0,1696.02,2446.02
03/19/2021,0.0,52.8979,1696.02,2446.02
03/20/2021,0.0,148.114,1696.02,2446.02
03/21/2021,0.0,0.0,1696.02,2446.02
03/22/2021,0.0,119.02,1696.02,2446.02
03/23/2021,0.0,158.694,1696.02,2446.02
03/24/2021,0.0,23.8041,1696.02,2446.02
03/25/2021,0.0,0.0,1696.02,2446.02
03/26/2021,0.0,0.0,1696.02,2446.02
03/27/2021,0.0,0.0,1696.02,2446.02
03/28/2021,0.0,68.7673,1696.02,2446.02
03/29/2021,0.0,47.6081,1696.02,2446.02
03/30/2021,0.0,7.93469,1696.02,2446.02
03/31/2021,0.0,81.9918,1696.02,2446.02
04/01/2021,0.0,42.3184,1696.02,2446.02
04/02/2021,0.0,163.984,1696.02,2446.02
04/03/2021,0.0,142.824,1696.02,2446.02
04/04/2021,0.0,95.2163,1696.02,2446.02
04/05/2021,0.0,39.6735,1696.02,2446.02
04/06/2021,0.0,26.449,1696.02,2446.02
04/07/2021,0.0,13.2245,1696.02,2446.02
04/08/2021,0.0,68.7673,1696.02,2446.02
04/09/2021,0.0,92.5714,1696.02,2446.02
04/10/2021,0.0,203.657,1696.02,2446.02
04/11/2021,0.0,71.4122,1696.02,2446.02
04/12/2021,0.0,15.8694,1696.02,2446.02
04/13/2021,0.0,153.404,1696.02,2446.02
04/14/2021,0.0,5.28979,1696.02,2446.02
04/15/2021,0.0,68.7673,1696.02,2446.02
04/16/2021,0.0,68.7673,1696.02,2446.02
04/17/2021,0.0,182.498,1696.02,2446.02
04/18/2021,0.0,163.984,1696.02,2446.02
04/19/2021,0.0,92.5714,1696.02,2446.02
04/20/2021,0.0,42.3184,1696.02,2446.02
04/21/2021,0.0,60.8326,1696.02,2446.02
04/22/2021,0.0,26.449,1696.02,2446.02
04/23/2021,0.0,105.796,1696.02,2446.02
04/24/2021,0.0,0.0,1696.02,2446.02
04/25/2021,0.0,87.2816,1696.02,2446.02
04/26/2021,0.0,23.8041,1696.02,2446.02
04/27/2021,0.0,97.8612,1696.02,2446.02
04/28/2021,0.0,87.2816,1696.02,2446.02
04/29/2021,0.0,0.0,1696.02,2446.02
04/30/2021,0.0,2.6449,1696.02,2446.02
05/01/2021,0.0,198.367,1696.02,2446.02
05/02/2021,0.0,87.2816,1696.02,2446.02
05/03/2021,0.0,0.0,1696.02,2446.02
05/04/2021,0.0,76.702,1696.02,2446.02
05/05/2021,0.0,89.9265,1696.02,2446.02
05/06/2021,0.0,89.9265,1696.02,2446.02
05/07/2021,0.0,0.0,1696.02,2446.02
05/08/2021,0.0,71.4122,1696.02,2446.02
05/09/2021,0.0,230.106,1696.02,2446.02
05/10/2021,0.0,84.6367,1696.02,2446.02
05/11/2021,0.0,0.0,1696.02,2446.02
05/12/2021,0.0,18.5143,1696.02,2446.02
05/13/2021,0.0,0.0,1696.02,2446.02
05/14/2021,0.0,55.5428,1696.02,2446.02
05/15/2021,0.0,100.506,1696.02,2446.02
05/16/2021,0.0,0.0,1696.02,2446.02
05/17/2021,0.0,0.0,1696.02,2446.02
05/18/2021,0.0,0.0,1696.02,2446.02
05/19/2021,0.0,100.506,1696.02,2446.02
05/20/2021,0.0,21.1592,1696.02,2446.02
05/21/2021,0.0,148.114,1696.02,2446.02
05/22/2021,0.0,0.0,1696.02,2446.02
05/23/2021,0.0,0.0,1696.02,2446.02
05/24/2021,0.0,0.0,1696.02,2446.02
05/25/2021,0.0,52.8979,1696.02,2446.02
05/26/2021,0.0,7.93469,1696.02,2446.02
05/27/2021,0.0,0.0,1696.02,2446.02
05/28/2021,0.0,34.3837,1696.02,2446.02
05/29/2021,0.0,285.649,1696.02,2446.02
05/30/2021,0.0,267.135,1696.02,2446.02
05/31/2021,0.0,378.22,1696.02,2446.02
06/01/2021,0.0,0.0,1696.02,2446.02
06/02/2021,0.0,103.151,1696.02,2446.02
06/03/2021,0.0,42.3184,1696.02,2446.02
06/04/2021,0.0,29.0939,1696.02,2446.02
06/05/2021,0.0,42.3184,1696.02,2446.02
06/06/2021,0.0,0.0,1696.02,2446.02
06/07/2021,0.0,148.114,1696.02,2446.02
06/08/2021,0.0,79.3469,1696.02,2446.02
06/09/2021,0.0,26.449,1696.02,2446.02
06/10/2021,0.0,7.93469,1696.02,2446.02
06/11/2021,0.0,50.253,1696.02,2446.02
06/12/2021,0.0,134.89,1696.02,2446.02
06/13/2021,0.0,134.89,1696.02,2446.02
06/14/2021,0.0,60.8326,1696.02,2446.02
06/15/2021,0.0,39.6735,1696.02,2446.02
06/16/2021,0.0,0.0,1696.02,2446.02
06/17/2021,0.0,52.8979,1696.02,2446.02
06/18/2021,0.0,71.4122,1696.02,2446.02
06/19/2021,0.0,39.6735,1696.02,2446.02
06/20/2021,0.0,230.106,1696.02,2446.02
06/21/2021,0.0,0.0,1696.02,2446.02
06/22/2021,0.0,0.0,1696.02,2446.02
06/23/2021,0.0,5.28979,1696.02,2446.02
06/24/2021,0.0,0.0,1696.02,2446.02
06/25/2021,0.0,201.012,1696.02,2446.02
06/26/2021,0.0,50.253,1696.02,2446.02
06/27/2021,0.0,58.1877,1696.02,2446.02
06/28/2021,0.0,0.0,1696.02,2446.02
06/29/2021,0.0,23.8041,1696.02,2446.02
06/30/2021,0.0,29.0939,1696.02,2446.02
07/01/2021,0.0,0.0,1696.02,2446.02
07/02/2021,0.0,26.449,1696.02,2446.02
07/03/2021,0.0,177.208,1696.02,2446.02
07/04/2021,0.0,214.237,1696.02,2446.02
07/05/2021,0.0,31.7388,1696.02,2446.02
07/06/2021,0.0,2.6449,1696.02,2446.02
07/07/2021,0.0,0.0,1696.02,2446.02
07/08/2021,0.0,15.8694,1696.02,2446.02
07/09/2021,0.0,97.8612,1696.02,2446.02
07/10/2021,0.0,190.433,1696.02,2446.02
07/11/2021,0.0,0.0,1696.02,2446.02
07/12/2021,0.0,121.665,1696.02,2446.02
07/13/2021,0.0,71.4122,1696.02,2446.02
07/14/2021,0.0,0.0,1696.02,2446.02
07/15/2021,0.0,0.0,1696.02,2446.02
07/16/2021,0.0,0.0,1696.02,2446.02
07/17/2021,0.0,0.0,1696.02,2446.02
07/18/2021,0.0,58.1877,1696.02,2446.02
07/19/2021,0.0,0.0,1696.02,2446.02
07/20/2021,0.0,13.2245,1696.02,2446.02
07/21/2021,0.0,0.0,1696.02,2446.02
07/22/2021,0.0,42.3184,1696.02,2446.02
07/24/2021,0.0,1132.02,1696.02,2446.02
07/25/2021,0.0,0.0,1696.02,2446.02
07/26/2021,0.0,0.0,1696.02,2446.02
07/27/2021,0.0,66.1224,1696.02,2446.02
07/28/2021,0.0,357.061,1696.02,2446.02
07/29/2021,0.0,13.2245,1696.02,2446.02
07/30/2021,0.0,2.6449,1696.02,2446.02
07/31/2021,0.0,0.0,1696.02,2446.02
08/01/2021,0.0,74.0571,1696.02,2446.02
08/02/2021,0.0,84.6367,1696.02,2446.02
08/03/2021,0.0,15.8694,1696.02,2446.02
08/04/2021,0.0,0.0,1696.02,2446.02
08/05/2021,0.0,0.0,1696.02,2446.02
08/06/2021,0.0,0.0,1696.02,2446.02
08/07/2021,0.0,71.4122,1696.02,2446.02
08/08/2021,0.0,0.0,1696.02,2446.02
08/09/2021,0.0,0.0,1696.02,2446.02
08/10/2021,0.0,0.0,1696.02,2446.02
08/11/2021,0.0,0.0,1696.02,2446.02
08/12/2021,0.0,0.0,1696.02,2446.02
08/13/2021,0.0,0.0,1696.02,2446.02
08/14/2021,0.0,121.665,1696.02,2446.02
08/15/2021,0.0,7.93469,1696.02,2446.02
08/16/2021,0.0,55.5428,1696.02,2446.02
08/17/2021,0.0,0.0,1696.02,2446.02
08/18/2021,0.0,7.93469,1696.02,2446.02
08/19/2021,0.0,44.9632,1696.02,2446.02
08/20/2021,0.0,0.0,1696.02,2446.02
08/21/2021,0.0,0.0,1696.02,2446.02
08/22/2021,0.0,47.6081,1696.02,2446.02
08/23/2021,0.0,0.0,1696.02,2446.02
08/24/2021,0.0,97.8612,1696.02,2446.02
08/25/2021,0.0,76.702,1696.02,2446.02
08/26/2021,0.0,0.0,1696.02,2446.02
08/28/2021,0.0,42.3184,1696.02,2446.02
08/29/2021,0.0,34.3837,1696.02,2446.02
08/30/2021,0.0,0.0,1696.02,2446.02
08/31/2021,0.0,37.0286,1696.02,2446.02
09/01/2021,0.0,0.0,1696.02,2446.02
09/02/2021,0.0,0.0,1696.02,2446.02
09/03/2021,0.0,108.441,1696.02,2446.02
09/04/2021,0.0,7.93469,1696.02,2446.02
09/05/2021,0.0,63.4775,1696.02,2446.02
09/06/2021,0.0,58.1877,1696.02,2446.02
09/07/2021,0.0,76.702,1696.02,2446.02
09/08/2021,0.0,0.0,1696.02,2446.02
09/09/2021,0.0,0.0,1696.02,2446.02
09/10/2021,0.0,0.0,1696.02,2446.02
09/11/2021,0.0,0.0,1696.02,2446.02
09/12/2021,0.0,0.0,1696.02,2446.02
09/13/2021,0.0,0.0,1696.02,2446.02
09/19/2021,0.0,10.5796,1696.02,2446.02
09/20/2021,1734.0,54.8761,1682.88,2432.88
09/21/2021,1278.0,0.0,1682.88,2435.51
09/22/2021,1676.0,124.821,1682.88,2427.62
09/23/2021,1624.0,93.2731,1682.88,2423.68
09/24/2021,1701.0,64.773,1682.88,2423.68
09/25/2021,1740.0,67.3639,1682.88,2423.68
09/26/2021,1683.0,0.0,1682.88,2424.99
09/27/2021,1657.0,25.5599,1682.88,2409.22
09/28/2021,2380.0,0.0,1682.88,2409.22
09/29/2021,2041.0,77.0608,1682.88,2414.48
09/30/2021,1555.0,0.0,1682.88,2409.22
10/01/2021,1674.0,0.0,1682.88,2411.85
10/02/2021,1744.0,85.3956,1682.88,2422.36
10/03/2021,1822.0,165.209,1682.88,2419.74
10/04/2021,1844.0,166.759,1682.88,2413.17
10/05/2021,1675.0,0.0,1682.88,2410.54
10/06/2021,2407.0,0.0,1682.88,2403.97
10/07/2021,1696.0,7.68703,1682.88,2411.85
10/08/2021,1779.0,102.494,1682.88,2411.85
10/09/2021,1752.0,53.6759,1682.88,2409.22
10/10/2021,1679.0,0.0,1682.88,2411.85
10/11/2021,1691.0,0.0,1682.88,2400.02
10/12/2021,1712.0,22.661,1682.88,2393.45
10/13/2021,1637.0,98.4454,1682.88,2396.08
10/14/2021,1621.0,70.2342,1682.88,2389.51
10/15/2021,1777.0,0.0,1682.88,2390.83
10/16/2021,2086.0,70.1453,1682.88,2388.2
10/17/2021,1876.0,199.666,1682.88,2397.4
10/18/2021,1698.0,0.0,1682.88,2388.2
10/19/2021,1697.0,42.4263,1682.88,2384.26
10/20/2021,1696.0,0.0,1682.88,2388.2
10/21/2021,1675.0,12.4942,1682.88,2385.57
10/22/2021,2186.0,0.0,1682.88,2380.31
10/23/2021,1737.0,5.06118,1682.88,2398.71
10/24/2021,1681.0,0.0,1682.88,2393.45
10/25/2021,1634.0,0.0,1682.88,2380.31
10/26/2021,1684.0,0.0,1682.88,2376.37
10/27/2021,1666.0,0.0,1682.88,2382.28
10/28/2021,1743.0,0.0,1682.88,2382.94
10/29/2021,1743.0,0.0,1682.88,2384.26
10/30/2021,0.0,79.7597,1682.88,2382.94
10/31/2021,0.0,94.7146,1682.88,2382.94
11/01/2021,0.0,42.3723,1682.88,2382.94
11/03/2021,0.0,0.0,1682.88,2382.94
11/06/2021,0.0,0.0,1682.88,2382.94
11/02/2021,0.0,27.4174,1682.88,2382.94
11/04/2021,0.0,0.0,1682.88,2382.94
11/05/2021,0.0,0.0,1682.88,2382.94
11/07/2021,0.0,102.192,1682.88,2382.94
11/08/2021,0.0,109.67,1682.88,2382.94
11/09/2021,0.0,127.117,1682.88,2382.94
11/10/2021,0.0,186.937,1682.88,2382.94
11/11/2021,0.0,67.2972,1682.88,2382.94
11/12/2021,0.0,0.0,1682.88,2382.94
11/13/2021,0.0,0.0,1682.88,2382.94
11/14/2021,0.0,0.0,1682.88,2382.94
11/18/2021,0.0,42.7231,1682.88,2382.94
11/15/2021,0.0,122.132,1682.88,2382.94
11/16/2021,0.0,0.0,1682.88,2382.94
11/17/2021,0.0,77.2672,1682.88,2382.94
11/19/2021,0.0,59.8198,1682.88,2382.94
11/20/2021,0.0,49.8498,1682.88,2382.94
11/21/2021,0.0,64.8047,1682.88,2382.94
11/22/2021,0.0,127.117,1682.88,2382.94
11/23/2021,0.0,99.6996,1682.88,2382.94
11/24/2021,0.0,29.9099,1682.88,2382.94
11/25/2021,0.0,17.4474,1682.88,2382.94
11/26/2021,0.0,57.3273,1682.88,2382.94
11/27/2021,0.0,0.0,1682.88,2382.94
11/28/2021,0.0,52.3423,1682.88,2382.94
11/29/2021,0.0,0.0,1682.88,2382.94
11/30/2021,0.0,112.162,1682.88,2382.94
12/01/2021,0.0,79.7597,1682.88,2382.94
12/02/2021,0.0,0.0,1682.88,2382.94
12/03/2021,0.0,0.0,1682.88,2382.94
12/04/2021,0.0,0.0,1682.88,2382.94
12/05/2021,0.0,54.8348,1682.88,2382.94
12/06/2021,0.0,122.132,1682.88,2382.94
12/07/2021,0.0,129.609,1682.88,2382.94
12/08/2021,0.0,39.8798,1682.88,2382.94
12/09/2021,0.0,124.625,1682.88,2382.94
12/10/2021,0.0,0.0,1682.88,2382.94
12/11/2021,0.0,54.8348,1682.88,2382.94
12/12/2021,0.0,84.7447,1682.88,2382.94
12/13/2021,0.0,72.2822,1682.88,2382.94
12/14/2021,0.0,0.0,1682.88,2382.94
12/15/2021,0.0,17.4474,1682.88,2382.94
12/16/2021,0.0,37.3874,1682.88,2382.94
12/17/2021,0.0,264.204,1682.88,2382.94
12/18/2021,0.0,241.772,1682.88,2382.94
12/19/2021,0.0,0.0,1682.88,2382.94
12/20/2021,0.0,97.2071,1682.88,2382.94
12/21/2021,0.0,17.4474,1682.88,2382.94
12/22/2021,0.0,44.8648,1682.88,2382.94
12/23/2021,0.0,79.7597,1682.88,2382.94
12/24/2021,0.0,89.7296,1682.88,2382.94
12/25/2021,0.0,2.49249,1682.88,2382.94
12/26/2021,0.0,27.4174,1682.88,2382.94
12/27/2021,0.0,42.3723,1682.88,2382.94
12/28/2021,0.0,67.2972,1682.88,2382.94
06/25/2020,1847.0,211.441,1682.88,2382.94
12/29/2021,0.0,82.2522,1682.88,2382.94
12/30/2021,0.0,87.2372,1682.88,2382.94
12/31/2021,0.0,0.0,1682.88,2402.65
01/01/2022,0.0,40.6419,1682.88,2402.65
01/02/2022,0.0,71.1233,1682.88,2402.65
01/03/2022,0.0,83.8239,1682.88,2402.65
01/04/2022,0.0,88.9041,1682.88,2402.65
01/05/2022,0.0,91.4442,1682.88,2402.65
01/06/2022,0.0,91.4442,1682.88,2402.65
01/07/2022,0.0,0.0,1682.88,2402.65
01/09/2022,0.0,36.584,1682.88,2402.65
01/08/2022,0.0,0.0,1682.88,2402.65
01/10/2022,0.0,38.6971,1682.88,2419.08
01/11/2022,0.0,0.0,1682.88,2428.28
01/12/2022,0.0,18.092,1682.88,2428.28
01/13/2022,0.0,0.0,1682.88,2428.28
01/14/2022,0.0,101.479,1682.88,2428.28
01/15/2022,0.0,0.0,1682.88,2428.28
01/16/2022,0.0,161.326,1682.88,2428.28
01/17/2022,0.0,39.0305,1682.88,2428.28
01/18/2022,0.0,72.8569,1682.88,2428.28
01/19/2022,0.0,0.0,1682.88,2428.28
01/20/2022,0.0,13.0102,1682.88,2428.28
01/21/2022,0.0,52.0407,1682.88,2428.28
01/22/2022,0.0,28.6224,1682.88,2428.28
01/23/2022,0.0,0.0,1682.88,2428.28
01/24/2022,0.0,23.4183,1682.88,2428.28
01/25/2022,0.0,28.6224,1682.88,2428.28
01/26/2022,0.0,0.0,1682.88,2428.28
01/27/2022,0.0,46.8366,1682.88,2428.28
01/28/2022,0.0,0.0,1682.88,2428.28
01/29/2022,0.0,140.51,1682.88,2428.28
01/30/2022,0.0,10.4081,1682.88,2428.28
01/31/2022,0.0,54.6427,1682.88,2428.28
02/01/2022,0.0,171.734,1682.88,2428.28
02/02/2022,0.0,28.6224,1682.88,2428.28
02/03/2022,0.0,0.0,1682.88,2428.28
02/04/2022,0.0,36.4285,1682.88,2428.28
02/05/2022,0.0,98.8772,1682.88,2428.28
02/06/2022,0.0,0.0,1682.88,2428.28
02/07/2022,0.0,13.0102,1682.88,2428.28
02/08/2022,0.0,36.4285,1682.88,2428.28
02/09/2022,0.0,0.0,1682.88,2428.28
02/10/2022,0.0,26.0203,1682.88,2428.28
02/11/2022,0.0,52.0407,1682.88,2428.28
02/12/2022,0.0,119.693,1682.88,2428.28
02/13/2022,0.0,0.0,1682.88,2428.28
02/14/2022,0.0,130.102,1682.88,2428.28
02/15/2022,0.0,111.887,1682.88,2428.28
02/16/2022,0.0,20.8163,1682.88,2428.28
02/17/2022,0.0,39.0305,1682.88,2428.28
02/18/2022,0.0,0.0,1682.88,2428.28
02/19/2022,0.0,0.0,1682.88,2428.28
02/20/2022,0.0,44.2346,1682.88,2428.28
02/21/2022,0.0,140.51,1682.88,2428.28
02/22/2022,0.0,13.0102,1682.88,2428.28
02/23/2022,0.0,0.0,1682.88,2428.28
02/24/2022,0.0,96.2752,1682.88,2428.28
02/25/2022,0.0,0.0,1682.88,2428.28
02/26/2022,0.0,0.0,1682.88,2428.28
02/27/2022,0.0,2.60203,1682.88,2428.28
02/28/2022,0.0,0.0,1682.88,2428.28
03/01/2022,0.0,197.754,1682.88,2428.28
03/02/2022,0.0,0.0,1682.88,2428.28
03/03/2022,0.0,961.81,1682.88,2428.28
03/04/2022,0.0,0.0,1682.88,2431.56
03/05/2022,0.0,133.109,1682.88,2424.43
03/06/2022,0.0,91.349,1682.88,2424.43
03/07/2022,0.0,18.2698,1682.88,2424.43
03/08/2022,0.0,91.349,1682.88,2424.43
03/09/2022,0.0,0.0,1682.88,2424.43
03/10/2022,0.0,0.0,1682.88,2424.43
03/11/2022,0.0,0.0,1682.88,2424.43
03/12/2022,0.0,36.5396,1682.88,2424.43
03/13/2022,0.0,133.109,1682.88,2424.43
03/14/2022,0.0,109.619,1682.88,2424.43
03/15/2022,0.0,57.4194,1682.88,2424.43
03/16/2022,0.0,26.0997,1682.88,2424.43
03/17/2022,0.0,0.0,1682.88,2424.43
03/18/2022,0.0,135.718,1682.88,2424.43
03/19/2022,0.0,0.0,1682.88,2424.43
03/20/2022,0.0,20.8798,1682.88,2424.43
03/21/2022,0.0,0.0,1682.88,2424.43
03/22/2022,0.0,114.839,1682.88,2424.43
03/23/2022,0.0,15.6598,1682.88,2424.43
03/24/2022,0.0,0.0,1682.88,2424.43
03/25/2022,0.0,0.0,1682.88,2424.43
03/26/2022,0.0,41.7595,1682.88,2424.43
03/27/2022,0.0,172.258,1682.88,2424.43
03/28/2022,0.0,109.619,1682.88,2424.43
03/29/2022,0.0,172.258,1682.88,2424.43
03/30/2022,0.0,0.0,1682.88,2424.43
03/31/2022,0.0,7.82991,1682.88,2424.43
04/01/2022,0.0,122.669,1682.88,2424.43
04/02/2022,0.0,498.504,1682.88,2424.43
04/03/2022,0.0,266.217,1682.88,2424.43
04/04/2022,0.0,39.1496,1682.88,2424.43
04/05/2022,0.0,180.088,1682.88,2424.43
04/06/2022,0.0,0.0,1682.88,2424.43
04/07/2022,0.0,0.0,1682.88,2424.43
04/08/2022,0.0,0.0,1682.88,2424.43
04/09/2022,0.0,0.0,1682.88,2424.43
04/10/2022,0.0,0.0,1682.88,2424.43
04/11/2022,0.0,99.1789,1682.88,2424.43
04/12/2022,0.0,117.449,1682.88,2424.43
04/13/2022,0.0,0.0,1682.88,2424.43
04/14/2022,0.0,96.5689,1682.88,2424.43
04/15/2022,0.0,101.789,1682.88,2424.43
04/16/2022,0.0,0.0,1682.88,2424.43
04/17/2022,0.0,0.0,1682.88,2424.43
04/18/2022,0.0,107.009,1682.88,2424.43
04/19/2022,0.0,151.378,1682.88,2424.43
04/20/2022,0.0,156.598,1682.88,2424.43
04/21/2022,0.0,125.279,1682.88,2424.43
04/22/2022,0.0,0.0,1682.88,2424.43
04/23/2022,0.0,125.279,1682.88,2424.43
04/24/2022,0.0,31.3196,1682.88,2424.43
04/25/2022,0.0,86.129,1682.88,2424.43
04/26/2022,0.0,83.5191,1682.88,2424.43
04/27/2022,0.0,0.0,1682.88,2424.43
04/28/2022,0.0,0.0,1682.88,2424.43
04/29/2022,0.0,0.0,1682.88,2424.43
04/30/2022,0.0,104.399,1682.88,2424.43
05/01/2022,0.0,60.0293,1682.88,2424.43
05/02/2022,0.0,0.0,1682.88,2424.43
05/03/2022,0.0,177.478,1682.88,2424.43
05/04/2022,0.0,0.0,1682.88,2424.43
05/05/2022,0.0,0.0,1682.88,2424.43
05/08/2022,0.0,0.0,1682.88,2424.43
05/09/2022,0.0,107.009,1682.88,2424.43
05/10/2022,0.0,164.428,1682.88,2424.43
05/11/2022,0.0,73.0792,1682.88,2424.43
05/12/2022,0.0,284.487,1682.88,2424.43
05/13/2022,0.0,15.6598,1682.88,2424.43
05/14/2022,0.0,164.428,1682.88,2424.43
05/15/2022,0.0,20.8798,1682.88,2424.43
05/17/2022,2802.0,187.111,2184.94,2434.94
05/18/2022,2015.0,0.0,2184.94,2434.94
05/19/2022,1803.0,192.382,2184.94,2434.94
05/20/2022,0.0,15.8122,2184.94,2434.94
05/21/2022,0.0,147.581,2184.94,2434.94
05/22/2022,0.0,18.4476,2184.94,2434.94
05/23/2022,0.0,108.05,2184.94,2434.94
05/24/2022,0.0,100.144,2184.94,2434.94
05/25/2022,0.0,171.299,2184.94,2434.94
05/26/2022,0.0,44.8013,2184.94,2434.94
05/27/2022,0.0,176.57,2184.94,2434.94
05/28/2022,0.0,0.0,2184.94,2434.94
05/29/2022,0.0,0.0,2184.94,2434.94
05/30/2022,0.0,81.6965,2184.94,2434.94
05/31/2022,0.0,34.2598,2184.94,2434.94
06/01/2022,0.0,121.227,2184.94,2434.94
06/02/2022,0.0,0.0,2184.94,2434.94
06/03/2022,0.0,150.216,2184.94,2434.94
06/04/2022,0.0,482.273,2184.94,2434.94
06/05/2022,0.0,337.328,2184.94,2434.94
06/06/2022,1648.0,0.0,1934.94,2434.94
06/07/2022,965.0,0.0,1935.6,2435.6
06/08/2022,0.0,79.1088,1935.6,2435.6
06/09/2022,0.0,0.0,1935.6,2435.6
06/10/2022,0.0,60.6501,1935.6,2435.6
06/11/2022,0.0,184.587,1935.6,2435.6
05/16/2022,1952.0,113.321,1935.6,2435.6
06/12/2022,0.0,121.665,1938.88,2438.88
06/13/2022,1651.0,114.07,1667.2,2417.2
06/14/2022,1795.0,130.26,1672.46,2422.46
06/15/2022,1628.0,130.26,1672.46,2422.46
06/16/2022,2140.0,55.1428,1681.0,2431.0
06/17/2022,1710.0,108.952,1667.86,2417.86
06/18/2022,1716.0,75.9654,1678.37,2428.37
06/19/2022,1732.0,77.8228,1667.86,2417.86
06/20/2022,1870.0,173.379,1665.23,2415.23
06/21/2022,1859.0,218.609,1658.66,2408.66
06/22/2022,1742.0,64.2967,1658.66,2408.66
06/23/2022,1641.0,0.0,1655.37,2405.37
06/24/2022,1930.0,220.498,1655.37,2405.37
06/25/2022,1843.0,207.678,1655.37,2405.37
06/26/2022,1670.0,30.8815,1664.57,2414.57
06/27/2022,1817.0,137.066,1664.57,2414.57
06/28/2022,1738.0,112.254,1650.12,2400.12
06/29/2022,1674.0,63.7808,1650.12,2400.12
06/30/2022,1733.0,138.195,1653.4,2403.4
07/01/2022,1674.0,161.128,1652.75,2402.75
07/02/2022,1843.0,206.893,1652.75,2414.57
07/03/2022,0.0,46.0936,1654.06,2404.06
07/04/2022,0.0,391.165,2409.32,2409.32
07/05/2022,0.0,214.651,2409.32,2414.57
07/06/2022,0.0,38.7924,2409.32,2414.57
07/07/2022,0.0,18.1031,2409.32,2414.57
07/08/2022,0.0,369.82,2409.32,2414.57
07/09/2022,0.0,0.0,2410.63,2410.63
07/10/2022,0.0,0.0,2414.57,2414.57
08/28/2022,0.0,181.031,2414.57,2414.57
08/29/2022,0.0,59.4816,2414.57,2414.57
08/30/2022,0.0,133.277,2447.43,2447.43
08/31/2022,0.0,73.9682,2437.57,2437.57
09/01/2022,0.0,166.428,2437.57,2437.57
09/02/2022,0.0,150.578,2437.57,2437.57
09/03/2022,0.0,76.6099,2437.57,2437.57
09/04/2022,0.0,7.92517,2437.57,2437.57
09/05/2022,0.0,62.0678,1652.75,2414.57
09/06/2022,1964.0,50.0117,1933.63,2685.38
09/07/2022,1890.0,63.1727,1935.38,2685.38
09/08/2022,1177.0,0.0,1924.51,2674.51
09/09/2022,0.0,121.081,1924.51,2685.38
09/10/2022,0.0,42.1151,1924.51,2685.38
09/11/2022,0.0,52.6439,1924.51,2685.38
09/12/2022,0.0,34.2186,1924.51,2685.38
09/13/2022,0.0,52.6439,1924.51,2685.38
09/14/2022,0.0,73.7015,1924.51,2685.38
09/15/2022,0.0,155.3,1924.51,2685.38
09/16/2022,0.0,0.0,1924.51,2685.38
09/17/2022,0.0,0.0,1924.51,2685.38
09/18/2022,0.0,96.5102,1924.51,2674.51
09/19/2022,0.0,57.3844,1924.51,2674.51
09/20/2022,0.0,41.7341,1924.51,2674.51
09/21/2022,0.0,62.6012,1924.51,2674.51
09/22/2022,0.0,0.0,1924.51,2674.51
09/23/2022,0.0,0.0,1924.51,2674.51
09/24/2022,0.0,0.0,1924.51,2674.51
09/25/2022,0.0,0.0,1924.51,2674.51
09/26/2022,0.0,0.0,1924.51,2674.51
09/27/2022,0.0,0.0,1924.51,2674.51
09/28/2022,0.0,57.3844,1924.51,2674.51
09/29/2022,0.0,0.0,1924.51,2674.51
09/30/2022,0.0,0.0,1924.51,2674.51
10/01/2022,0.0,268.663,1924.51,2674.51
10/02/2022,0.0,459.075,1924.51,2674.51
10/03/2022,0.0,372.999,1924.51,2674.51
10/04/2022,0.0,7.82515,1924.51,2674.51
10/05/2022,0.0,46.9509,1924.51,2674.51
10/06/2022,0.0,200.845,1924.51,2674.51
10/07/2022,0.0,99.1185,1924.51,2674.51
10/08/2022,0.0,271.272,1924.51,2674.51
10/09/2022,0.0,0.0,1924.51,2674.51
10/10/2022,1609.0,0.0,1935.38,2685.38
10/11/2022,1634.0,0.0,1935.38,2685.38
10/12/2022,1485.0,60.6135,1936.83,2686.83
10/13/2022,1904.0,81.6965,1936.83,2686.83
10/14/2022,1998.0,81.2536,1930.31,2680.31
10/15/2022,1645.0,0.0,1934.66,2684.66
10/16/2022,2031.0,23.6755,1934.66,2684.66
11/10/2022,0.0,0.0,1930.31,2685.38
11/11/2022,0.0,0.0,1930.31,2685.38
11/12/2022,0.0,0.0,1930.31,2685.38
11/13/2022,0.0,0.0,1930.31,2685.38
11/14/2022,0.0,0.0,1930.31,2685.38
11/15/2022,0.0,0.0,1930.31,2685.38
11/16/2022,0.0,0.0,1930.31,2685.38
11/17/2022,0.0,0.0,1930.31,2685.38
11/18/2022,0.0,0.0,1930.31,2685.38
11/19/2022,0.0,0.0,1930.31,2685.38
11/20/2022,0.0,0.0,1930.31,2685.38
10/17/2022,1968.0,57.6638,1930.31,2680.31
10/18/2022,1953.0,86.0766,1924.51,2674.51
10/19/2022,1894.0,0.0,1920.88,2670.88
10/20/2022,1880.0,0.0,1924.51,2674.51
10/21/2022,1997.0,0.0,1927.41,2677.41
10/22/2022,1966.0,33.9915,1927.41,2677.41
10/23/2022,1979.0,36.7174,1931.03,2681.03
10/24/2022,1929.0,0.0,1931.03,2681.03
10/25/2022,1938.0,73.0347,1924.51,2674.51
10/26/2022,1802.0,46.9509,1924.51,2674.51
10/27/2022,1790.0,106.423,1918.71,2668.71
10/28/2022,2025.0,0.0,1918.71,2668.71
10/29/2022,2102.0,218.171,1919.43,2669.43
10/30/2022,1867.0,18.2365,1923.06,2673.06
10/31/2022,1903.0,94.1875,1928.13,2678.13
11/01/2022,1994.0,90.96,1920.16,2670.16
11/02/2022,1970.0,0.0,1916.53,2666.53
11/21/2022,0.0,0.0,1916.53,2685.38
11/22/2022,0.0,0.0,1916.53,2685.38
11/23/2022,0.0,0.0,1916.53,2685.38
11/24/2022,0.0,0.0,1916.53,2685.38
11/25/2022,0.0,0.0,1916.53,2685.38
11/26/2022,0.0,0.0,1916.53,2685.38
11/27/2022,0.0,0.0,1916.53,2685.38
11/28/2022,0.0,0.0,1916.53,2685.38
11/29/2022,0.0,0.0,1916.53,2685.38
11/30/2022,0.0,0.0,1916.53,2685.38
12/01/2022,0.0,0.0,1916.53,2685.38
12/02/2022,0.0,0.0,1916.53,2685.38
12/03/2022,0.0,0.0,1916.53,2685.38
12/04/2022,0.0,0.0,1916.53,2685.38
12/05/2022,0.0,0.0,1916.53,2685.38
12/06/2022,0.0,0.0,1916.53,2685.38
12/07/2022,0.0,0.0,1916.53,2685.38
12/08/2022,0.0,0.0,1916.53,2685.38
12/09/2022,0.0,0.0,1916.53,2685.38
12/10/2022,0.0,0.0,1916.53,2685.38
12/11/2022,0.0,0.0,1916.53,2685.38
12/12/2022,0.0,0.0,1916.53,2685.38
12/13/2022,0.0,0.0,1916.53,2685.38
12/14/2022,0.0,0.0,1916.53,2685.38
12/15/2022,0.0,0.0,1916.53,2685.38
12/16/2022,0.0,0.0,1916.53,2685.38
12/17/2022,0.0,0.0,1916.53,2685.38
12/18/2022,0.0,0.0,1916.53,2685.38
12/19/2022,0.0,0.0,1916.53,2685.38
12/20/2022,0.0,0.0,1916.53,2685.38
12/21/2022,0.0,0.0,1916.53,2685.38
12/22/2022,0.0,0.0,1916.53,2685.38
12/23/2022,0.0,0.0,1916.53,2685.38
12/24/2022,0.0,0.0,1916.53,2685.38
12/25/2022,0.0,0.0,1916.53,2685.38
12/26/2022,0.0,0.0,1916.53,2685.38
12/27/2022,0.0,0.0,1916.53,2685.38
12/28/2022,0.0,0.0,1916.53,2685.38
12/29/2022,0.0,0.0,1916.53,2685.38
12/30/2022,0.0,0.0,1916.53,2685.38
12/31/2022,0.0,0.0,1916.53,2685.38
01/01/2023,0.0,0.0,1916.53,2685.38
01/02/2023,0.0,0.0,1916.53,2685.38
01/03/2023,0.0,0.0,1916.53,2685.38
01/04/2023,0.0,0.0,1916.53,2685.38
01/05/2023,0.0,0.0,1916.53,2685.38
01/06/2023,0.0,0.0,1916.53,2685.38
01/07/2023,0.0,0.0,1916.53,2685.38
01/08/2023,0.0,0.0,1916.53,2685.38
01/09/2023,0.0,0.0,1916.53,2685.38
01/10/2023,0.0,0.0,1916.53,2685.38
11/03/2022,1907.0,12.9546,1916.53,2666.53
11/04/2022,1945.0,28.6573,1923.06,2673.06
11/05/2022,2800.0,2.58139,1912.18,2662.18
11/06/2022,1955.0,0.0,1927.41,2677.41
11/07/2022,1923.0,20.9179,1927.41,2677.41
11/08/2022,1983.0,66.8686,1907.83,2657.83
01/11/2023,0.0,0.0,1967.28,2717.28
01/12/2023,0.0,0.0,1967.28,2717.28
01/13/2023,0.0,13.5102,1967.28,2717.28
01/14/2023,0.0,0.0,1967.28,2717.28
01/15/2023,0.0,29.7225,1967.28,2717.28
01/16/2023,0.0,0.0,1967.28,2717.28
01/17/2023,0.0,0.0,1967.28,2717.28
01/18/2023,0.0,0.0,1967.28,2717.28
01/19/2023,0.0,16.2123,1967.28,2717.28
01/20/2023,0.0,0.0,1967.28,2717.28
01/21/2023,0.0,0.0,1967.28,2717.28
01/22/2023,0.0,0.0,1967.28,2717.28
01/23/2023,0.0,0.0,1967.28,2717.28
01/24/2023,0.0,0.0,1967.28,2717.28
01/25/2023,0.0,43.2328,1967.28,2717.28
01/26/2023,0.0,0.0,1967.28,2717.28
01/27/2023,0.0,0.0,1967.28,2717.28
01/28/2023,0.0,175.633,1967.28,2717.28
01/29/2023,0.0,10.8082,1967.28,2717.28
01/30/2023,0.0,40.5307,1967.28,2717.28
01/31/2023,0.0,59.4451,1967.28,2717.28
02/01/2023,0.0,0.0,1967.28,2717.28
02/02/2023,0.0,102.678,1967.28,2717.28
02/03/2023,0.0,0.0,1967.28,2717.28
02/04/2023,0.0,0.0,1967.28,2717.28
02/05/2023,0.0,0.0,1967.28,2717.28
02/07/2023,0.0,70.2533,1967.28,2717.28
02/08/2023,0.0,0.0,1967.28,2717.28
02/09/2023,0.0,0.0,1967.28,2717.28
02/19/2023,0.0,121.592,1967.28,2717.28
02/10/2023,0.0,0.0,1967.28,2717.28
02/11/2023,0.0,0.0,1967.28,2717.28
02/12/2023,0.0,0.0,1967.28,2717.28
02/13/2023,0.0,24.3184,1967.28,2717.28
02/14/2023,0.0,45.9348,1967.28,2717.28
02/15/2023,0.0,21.6164,1967.28,2717.28
02/16/2023,0.0,89.1676,1967.28,2717.28
02/17/2023,0.0,0.0,1967.28,2717.28
02/18/2023,0.0,137.805,1967.28,2717.28
02/20/2023,0.0,0.0,1967.28,2717.28
02/21/2023,0.0,32.4246,1967.28,2717.28
02/22/2023,0.0,0.0,1967.28,2717.28
02/23/2023,0.0,75.6574,1967.28,2717.28
02/24/2023,0.0,32.4246,1967.28,2717.28
02/25/2023,0.0,0.0,1967.28,2717.28
02/26/2023,0.0,162.123,1967.28,2717.28
02/27/2023,0.0,0.0,1967.28,2717.28
02/28/2023,0.0,0.0,1967.28,2717.28
11/09/2022,778.0,0.0,1902.76,2652.76
03/12/2023,0.0,0.0,1974.53,2724.53
03/13/2023,1787.0,105.999,1902.76,2685.38
03/06/2023,0.0,0.0,1974.53,2717.28
03/07/2023,0.0,0.0,1974.53,2717.28
03/08/2023,0.0,0.0,1974.53,2717.28
03/09/2023,0.0,0.0,1974.53,2717.28
03/10/2023,0.0,0.0,1974.53,2717.28
03/11/2023,0.0,0.0,1974.53,2717.28
03/21/2023,0.0,0.0,1974.53,2685.38
03/22/2023,0.0,0.0,1974.53,2685.38
03/23/2023,0.0,0.0,1974.53,2685.38
03/24/2023,0.0,0.0,1974.53,2685.38
03/25/2023,0.0,0.0,1974.53,2685.38
03/14/2023,1850.0,93.516,1953.51,2703.51
03/15/2023,2189.0,61.4534,1953.51,2703.51
03/16/2023,2440.0,173.673,1953.51,2703.51
03/17/2023,964.0,0.0,1959.31,2709.31
03/18/2023,0.0,68.4371,1959.31,2685.38
03/19/2023,0.0,0.0,1959.31,2685.38
03/20/2023,1150.0,0.0,1959.31,2709.31
03/26/2023,0.0,0.0,1953.51,2685.38
04/13/2023,2015.0,0.0,1951.44,2685.38
04/05/2023,0.0,0.0,1951.44,2685.38
04/06/2023,0.0,34.8996,1951.44,2685.38
04/07/2023,0.0,139.598,1951.44,2685.38
04/08/2023,0.0,327.52,1951.44,2685.38
04/09/2023,0.0,110.068,1951.44,2685.38
04/10/2023,0.0,61.7455,1951.44,2685.38
04/11/2023,0.0,0.0,1951.44,2685.38
04/12/2023,0.0,83.2222,1951.44,2685.38
04/03/2023,0.0,0.0,1951.44,2685.38
04/04/2023,0.0,0.0,1951.44,2685.38
04/14/2023,1250.0,142.536,2203.61,2703.61
04/15/2023,1724.0,0.0,1953.61,2703.61
04/16/2023,1627.0,0.0,1953.61,2703.61
04/17/2023,1936.0,26.8935,1953.61,2703.61
04/18/2023,1745.0,8.06805,1953.61,2703.61
04/19/2023,1965.0,0.0,1953.61,2703.61
04/20/2023,1752.0,0.0,1953.61,2703.61
04/21/2023,1941.0,0.0,1953.61,2703.61
04/22/2023,1695.0,0.0,1953.61,2685.38
04/23/2023,1853.0,0.0,1933.31,2683.31
04/24/2023,1929.0,10.4843,1922.44,2672.44
04/25/2023,2150.0,7.86325,1922.44,2672.44
04/26/2023,1686.0,23.5898,1922.44,2672.44
04/27/2023,2172.0,306.667,1922.44,2672.44
04/28/2023,2181.0,167.749,1922.44,2672.44
04/29/2023,2395.0,47.1795,1922.44,2672.44
04/30/2023,0.0,10.4843,1922.44,2672.44
05/01/2023,0.0,0.0,1922.44,2672.44
05/02/2023,0.0,28.8319,1922.44,2672.44
05/03/2023,0.0,55.0428,1922.44,2672.44
05/04/2023,0.0,0.0,1922.44,2672.44
05/05/2023,0.0,0.0,1922.44,2672.44
05/06/2023,0.0,178.234,1922.44,2672.44
05/07/2023,0.0,0.0,1922.44,2672.44
05/08/2023,0.0,5.24217,1922.44,2672.44
05/09/2023,0.0,7.86325,1922.44,2672.44
05/10/2023,0.0,18.3476,1922.44,2672.44
05/11/2023,0.0,0.0,1922.44,2672.44
05/12/2023,0.0,83.8747,1922.44,2672.44
05/13/2023,0.0,49.8006,1922.44,2672.44
05/14/2023,0.0,0.0,1922.44,2672.44
05/15/2023,0.0,13.1054,1922.44,2672.44
05/16/2023,0.0,0.0,1922.44,2672.44
05/17/2023,0.0,0.0,1922.44,2672.44
05/18/2023,0.0,0.0,1922.44,2672.44
05/19/2023,0.0,0.0,1922.44,2672.44
05/20/2023,0.0,94.359,1922.44,2672.44
05/21/2023,0.0,0.0,1922.44,2672.44
05/23/2023,0.0,131.054,1922.44,2672.44
05/22/2023,0.0,7.86325,1922.44,2672.44
05/24/2023,0.0,91.7379,1922.44,2672.44
05/25/2023,0.0,47.1795,1922.44,2672.44
05/26/2023,0.0,0.0,1922.44,2672.44
05/27/2023,0.0,201.823,1922.44,2672.44
05/28/2023,0.0,165.128,1922.44,2672.44
05/29/2023,0.0,154.644,1922.44,2672.44
05/30/2023,0.0,0.0,1922.44,2672.44
05/31/2023,0.0,0.0,1922.44,2672.44
06/01/2023,0.0,49.8006,1922.44,2672.44
06/02/2023,0.0,0.0,1922.44,2672.44
06/04/2023,0.0,0.0,1922.44,2672.44
06/05/2023,0.0,2.62108,1922.44,2672.44
06/06/2023,0.0,133.675,1922.44,2672.44
06/07/2023,0.0,0.0,1922.44,2672.44
06/09/2023,0.0,15.7265,1922.44,2672.44
06/10/2023,0.0,0.0,1922.44,2672.44
06/11/2023,0.0,0.0,1922.44,2672.44
06/12/2023,0.0,330.257,1922.44,2672.44
06/13/2023,0.0,28.8319,1922.44,2672.44
06/14/2023,0.0,13.1054,1922.44,2672.44
06/15/2023,0.0,0.0,1922.44,2672.44
06/16/2023,0.0,91.7379,1922.44,2672.44
06/17/2023,0.0,2.62108,1922.44,2672.44
06/18/2023,0.0,0.0,1922.44,2672.44
06/19/2023,0.0,0.0,1922.44,2672.44
06/20/2023,0.0,0.0,1922.44,2672.44
06/21/2023,0.0,89.1168,1922.44,2672.44
06/22/2023,0.0,0.0,1922.44,2672.44
06/23/2023,0.0,0.0,1922.44,2672.44
06/24/2023,0.0,34.0741,1922.44,2672.44
06/25/2023,0.0,178.234,1922.44,2672.44
06/27/2023,0.0,65.5271,1922.44,2672.44
06/28/2023,0.0,83.8747,1922.44,2672.44
06/29/2023,0.0,0.0,1922.44,2672.44
06/30/2023,0.0,0.0,1922.44,2672.44
07/01/2023,0.0,94.359,1922.44,2672.44
07/02/2023,0.0,39.3163,1922.44,2672.44
07/03/2023,0.0,0.0,1922.44,2672.44
07/05/2023,0.0,0.0,1922.44,2672.44
07/07/2023,0.0,123.191,1922.44,2672.44
07/09/2023,0.0,123.191,1922.44,2672.44
07/10/2023,0.0,0.0,1922.44,2672.44
07/12/2023,0.0,117.949,1922.44,2672.44
07/13/2023,0.0,238.519,1922.44,2672.44
07/14/2023,0.0,49.8006,1922.44,2672.44
07/15/2023,0.0,0.0,1922.44,2672.44
07/16/2023,0.0,28.8319,1922.44,2672.44
07/18/2023,0.0,0.0,1922.44,2672.44
07/20/2023,0.0,0.0,1922.44,2672.44
07/21/2023,0.0,78.6325,1922.44,2672.44
07/22/2023,0.0,0.0,1922.44,2672.44
07/23/2023,0.0,0.0,1922.44,2672.44
07/25/2023,0.0,207.066,1922.44,2672.44
07/27/2023,0.0,138.917,1922.44,2672.44
07/28/2023,0.0,377.436,1922.44,2672.44
07/30/2023,0.0,0.0,1922.44,2672.44
08/01/2023,0.0,165.128,1922.44,2672.44
08/02/2023,0.0,112.707,1922.44,2672.44
08/03/2023,0.0,57.6638,1922.44,2672.44
08/04/2023,0.0,26.2108,1922.44,2672.44
08/06/2023,0.0,0.0,1922.44,2672.44
08/07/2023,0.0,78.6325,1922.44,2672.44
08/08/2023,0.0,301.425,1922.44,2672.44
08/09/2023,0.0,152.023,1922.44,2672.44
08/10/2023,0.0,26.2108,1922.44,2672.44
08/11/2023,0.0,235.898,1922.44,2672.44
08/12/2023,0.0,463.932,1922.44,2672.44
08/13/2023,0.0,0.0,1922.44,2672.44
08/14/2023,0.0,0.0,1922.44,2672.44
08/15/2023,0.0,0.0,1922.44,2672.44
11/09/2023,0.0,0.0,1952.16,2702.16
11/26/2023,0.0,133.436,1944.19,2694.19
11/27/2023,1611.0,74.7239,1944.19,2694.19
11/28/2023,1764.0,95.5021,1936.94,2686.94
11/29/2023,1849.0,53.3742,1944.19,2694.19
11/30/2023,1906.0,0.0,1944.19,2694.19
12/01/2023,0.0,0.0,1944.19,2686.94
12/02/2023,0.0,61.0152,1944.19,2686.94
12/03/2023,0.0,0.0,1944.19,2686.94
12/04/2023,0.0,0.0,1944.19,2686.94
12/05/2023,0.0,7.95851,1944.19,2686.94
12/06/2023,0.0,0.0,1944.19,2686.94
12/07/2023,0.0,7.95851,1944.19,2686.94
12/08/2023,0.0,108.766,1944.19,2686.94
12/09/2023,0.0,13.2642,1944.19,2686.94
12/11/2023,0.0,85.3987,1944.19,2694.19
12/12/2023,0.0,74.7239,1944.19,2694.19
12/13/2023,0.0,210.828,1944.19,2694.19
12/10/2023,0.0,24.0184,1944.19,2694.19
12/14/2023,0.0,10.6748,1944.19,2694.19
12/15/2023,0.0,0.0,1944.19,2694.19
12/16/2023,0.0,82.73,1944.19,2694.19
12/17/2023,0.0,0.0,1944.19,2694.19
12/18/2023,0.0,0.0,1944.19,2694.19
12/19/2023,0.0,0.0,1944.19,2694.19
12/20/2023,0.0,45.3681,1944.19,2694.19
12/21/2023,0.0,50.7055,1944.19,2694.19
12/22/2023,0.0,93.4049,1944.19,2694.19
12/23/2023,0.0,0.0,1944.19,2694.19
12/24/2023,0.0,0.0,1944.19,2694.19
12/25/2023,0.0,0.0,1944.19,2694.19
12/26/2023,0.0,0.0,1944.19,2694.19
12/27/2023,0.0,16.0123,1944.19,2694.19
12/28/2023,0.0,26.6871,1944.19,2694.19
12/29/2023,0.0,13.3436,1944.19,2694.19
12/30/2023,0.0,0.0,1944.19,2694.19
12/31/2023,0.0,8.00613,1944.19,2694.19
01/01/2024,0.0,16.0123,1944.19,2694.19
01/02/2024,0.0,8.00613,1944.19,2694.19
01/03/2024,0.0,0.0,1944.19,2694.19
01/04/2024,0.0,0.0,1944.19,2694.19
01/05/2024,0.0,0.0,1944.19,2694.19
01/06/2024,0.0,0.0,1944.19,2694.19
01/07/2024,0.0,5.33742,1944.19,2694.19
01/08/2024,0.0,93.4049,1944.19,2694.19
01/09/2024,0.0,56.0429,1944.19,2694.19
01/10/2024,0.0,0.0,1944.19,2694.19
01/11/2024,0.0,80.0613,1944.19,2694.19
01/12/2024,0.0,0.0,1944.19,2694.19
01/13/2024,0.0,0.0,1944.19,2694.19
01/14/2024,0.0,0.0,1944.19,2694.19
01/15/2024,0.0,0.0,1944.19,2694.19
01/16/2024,1742.0,43.7408,1965.21,2715.21
01/17/2024,1782.0,0.0,1965.21,2723.91
01/18/2024,1958.0,27.1475,1965.21,2715.21
01/19/2024,1998.0,40.5307,1959.41,2709.41
01/20/2024,1905.0,0.0,1959.41,2709.41
01/21/2024,1927.0,0.0,1959.41,2709.41
01/22/2024,2049.0,91.8697,1959.41,2709.41
01/23/2024,1951.0,75.6574,1959.41,2709.41
01/24/2024,1895.0,0.0,1954.34,2704.34
01/25/2024,1985.0,51.1278,1954.34,2704.34
01/26/2024,1998.0,56.2096,1947.81,2697.81
01/27/2024,1933.0,0.0,1947.81,2697.81
01/28/2024,2104.0,165.952,1947.81,2697.81
01/29/2024,2033.0,64.4682,1952.16,2702.16
01/30/2024,1948.0,40.2926,1952.16,2702.16
01/31/2024,1929.0,0.0,1952.16,2702.16
02/01/2024,1955.0,53.7235,1952.16,2702.16
02/02/2024,2466.0,2.66871,1944.19,2694.19
02/04/2024,2252.0,0.0,1944.19,2694.19
02/03/2024,2111.0,101.411,1944.19,2694.19
02/05/2024,2203.0,68.1069,1921.71,2671.71
02/06/2024,2045.0,124.012,1930.41,2680.41
02/07/2024,2242.0,0.0,1930.41,2680.41
02/08/2024,2016.0,84.8907,1936.94,2686.94
02/09/2024,2112.0,0.0,1930.41,2680.41
02/10/2024,2269.0,60.577,1928.24,2678.24
02/11/2024,2430.0,0.0,1931.86,2681.86
02/12/2024,2890.0,0.0,1936.94,2686.94
02/13/2024,1931.0,100.385,1931.86,2681.86
02/18/2024,0.0,158.503,1931.86,2681.86
02/19/2024,0.0,52.8344,1931.86,2681.86
02/20/2024,0.0,0.0,1931.86,2681.86
02/14/2024,2453.0,63.4013,1931.86,2681.86
02/15/2024,0.0,113.594,1931.86,2681.86
02/16/2024,0.0,0.0,1931.86,2681.86
02/17/2024,0.0,0.0,1931.86,2681.86
02/21/2024,0.0,0.0,1931.86,2681.86
02/22/2024,0.0,0.0,1931.86,2681.86
02/23/2024,0.0,21.1338,1931.86,2681.86
02/24/2024,0.0,0.0,1931.86,2681.86
02/25/2024,0.0,0.0,1931.86,2681.86
02/26/2024,1971.0,79.8708,1941.29,2691.29
02/27/2024,1962.0,29.286,1941.29,2691.29
02/28/2024,1948.0,0.0,1949.99,2699.99
02/29/2024,2012.0,71.8837,1941.29,2691.29
03/01/2024,2015.0,0.0,1936.21,2686.21
03/02/2024,2144.0,31.815,1936.21,2686.21
03/03/2024,2188.0,0.0,1936.21,2686.21
03/04/2024,1955.0,0.0,1936.21,2686.21
03/06/2024,2928.0,0.0,1936.21,2686.21
03/05/2024,2765.0,82.1887,1936.21,2686.21
03/07/2024,1911.0,60.6866,1930.41,2680.41
03/08/2024,2370.0,50.3737,1936.21,2686.21
03/09/2024,543.0,0.0,1936.21,2686.21
03/10/2024,0.0,0.0,1936.21,2680.41
03/11/2024,2192.0,81.795,1930.41,2680.41
03/12/2024,1914.0,65.9637,1930.41,2680.41
03/13/2024,1912.0,0.0,1930.41,2680.41
03/14/2024,2370.0,0.0,1922.44,2672.44
03/15/2024,2001.0,23.5898,1922.44,2672.44
03/16/2024,2430.0,396.982,1926.06,2676.06
03/17/2024,2472.0,15.8599,1932.59,2682.59
03/18/2024,2230.0,84.5859,1932.59,2682.59
03/19/2024,1938.0,116.306,1932.59,2682.59
03/20/2024,1908.0,0.0,1932.59,2682.59
03/21/2024,2081.0,90.96,1912.29,2662.29
03/22/2024,0.0,129.522,1912.29,2682.59
03/23/2024,0.0,314.554,1912.29,2682.59
03/24/2024,0.0,169.172,1912.29,2682.59
03/25/2024,0.0,163.885,1912.29,2682.59
03/26/2024,0.0,95.1591,1912.29,2682.59
03/27/2024,0.0,0.0,1912.29,2682.59
03/28/2024,0.0,79.2993,1912.29,2682.59
03/29/2024,0.0,0.0,1912.29,2682.59
03/30/2024,0.0,129.522,1912.29,2682.59
03/31/2024,0.0,62.3726,1912.29,2662.29
04/01/2024,0.0,57.1749,1912.29,2662.29
04/02/2024,0.0,0.0,1912.29,2662.29
04/03/2024,0.0,0.0,1904.41,2654.41
04/04/2024,0.0,7.79657,1904.41,2654.41
04/05/2024,0.0,0.0,1904.41,2654.41
04/06/2024,0.0,0.0,1904.41,2654.41
04/07/2024,0.0,0.0,1904.41,2654.41
04/08/2024,0.0,28.5874,1904.41,2654.41
04/09/2024,0.0,0.0,1904.41,2654.41
04/10/2024,0.0,0.0,1904.41,2654.41
04/11/2024,0.0,0.0,1904.41,2654.41
04/12/2024,0.0,0.0,1904.41,2654.41
04/13/2024,0.0,140.338,1904.41,2654.41
04/14/2024,0.0,80.5646,1904.41,2654.41
04/15/2024,0.0,109.152,1904.41,2654.41
04/16/2024,0.0,155.931,1904.41,2654.41
04/17/2024,0.0,44.1806,1904.41,2654.41
04/18/2024,0.0,77.9657,1904.41,2654.41
04/19/2024,0.0,75.3669,1904.41,2654.41
04/20/2024,0.0,161.129,1904.41,2654.41
04/21/2024,0.0,163.728,1904.41,2654.41
04/22/2024,0.0,5.19771,1904.41,2654.41
04/23/2024,0.0,85.7623,1904.41,2654.41
04/24/2024,0.0,33.7851,1904.41,2654.41
04/25/2024,0.0,51.9771,1904.41,2654.41
04/26/2024,0.0,20.7909,1904.41,2654.41
04/27/2024,0.0,0.0,1904.41,2654.41
04/28/2024,0.0,36.384,1904.41,2654.41
04/29/2024,0.0,0.0,1904.41,2654.41
04/30/2024,0.0,44.1806,1904.41,2654.41
05/01/2024,0.0,41.5817,1904.41,2654.41
05/02/2024,0.0,93.5589,1904.41,2654.41
05/03/2024,0.0,49.3783,1904.41,2654.41
05/04/2024,0.0,15.5931,1904.41,2654.41
05/05/2024,0.0,7.79657,1904.41,2654.41
05/06/2024,0.0,0.0,1904.41,2654.41
05/07/2024,0.0,0.0,1904.41,2654.41
05/08/2024,0.0,0.0,1904.41,2654.41
05/09/2024,0.0,49.3783,1904.41,2654.41
05/10/2024,0.0,0.0,1904.41,2654.41
05/11/2024,0.0,129.943,1904.41,2654.41
05/12/2024,0.0,267.682,1904.41,2654.41
05/13/2024,0.0,0.0,1904.41,2654.41
05/14/2024,0.0,103.954,1904.41,2654.41
05/15/2024,0.0,0.0,1904.41,2654.41
05/16/2024,0.0,54.576,1904.41,2654.41
05/17/2024,0.0,20.7909,1904.41,2654.41
05/18/2024,0.0,0.0,1904.41,2654.41
05/19/2024,0.0,93.5589,1904.41,2654.41
05/20/2024,0.0,145.536,1904.41,2654.41
05/21/2024,0.0,7.79657,1904.41,2654.41
05/22/2024,0.0,111.751,1904.41,2654.41
05/23/2024,0.0,75.3669,1904.41,2654.41
05/24/2024,0.0,257.287,1904.41,2654.41
05/25/2024,0.0,485.986,1904.41,2654.41
05/26/2024,0.0,181.92,1904.41,2654.41
05/27/2024,0.0,174.123,1904.41,2654.41
05/28/2024,0.0,142.937,1904.41,2654.41
05/29/2024,0.0,343.049,1904.41,2654.41
05/30/2024,0.0,220.903,1904.41,2654.41
05/31/2024,0.0,582.144,1904.41,2654.41
06/01/2024,0.0,57.1749,1904.41,2654.41
06/02/2024,0.0,72.768,1904.41,2654.41
06/03/2024,0.0,127.344,1904.41,2654.41
06/04/2024,0.0,0.0,1904.41,2654.41
06/05/2024,0.0,161.129,1904.41,2654.41
06/06/2024,0.0,70.1692,1904.41,2654.41
06/07/2024,0.0,85.7623,1904.41,2654.41
06/08/2024,0.0,0.0,1904.41,2654.41
06/09/2024,0.0,0.0,1904.41,2654.41
06/10/2024,0.0,83.1634,1904.41,2654.41
06/11/2024,0.0,54.576,1904.41,2654.41
06/12/2024,0.0,218.304,1904.41,2654.41
06/13/2024,0.0,114.35,1904.41,2654.41
06/14/2024,0.0,0.0,1904.41,2654.41
06/15/2024,0.0,80.5646,1904.41,2654.41
06/16/2024,0.0,150.734,1904.41,2654.41
06/17/2024,0.0,127.344,1904.41,2654.41
06/18/2024,0.0,166.327,1904.41,2654.41
06/19/2024,0.0,166.327,1904.41,2654.41
06/20/2024,0.0,88.3612,1904.41,2654.41
06/21/2024,0.0,23.3897,1904.41,2654.41
06/22/2024,0.0,176.722,1904.41,2654.41
06/23/2024,0.0,192.315,1904.41,2654.41
06/24/2024,0.0,23.3897,1904.41,2654.41
06/25/2024,0.0,90.96,1904.41,2654.41
06/26/2024,0.0,0.0,1904.41,2654.41
06/27/2024,0.0,0.0,1904.41,2654.41
06/28/2024,0.0,114.35,1904.41,2654.41
06/29/2024,0.0,59.7737,1904.41,2654.41
06/30/2024,0.0,111.751,1904.41,2654.41
07/01/2024,0.0,0.0,1904.41,2654.41
07/02/2024,0.0,0.0,1904.41,2654.41
07/03/2024,0.0,7.79657,1904.41,2654.41
07/04/2024,0.0,132.542,1904.41,2654.41
07/05/2024,0.0,93.5589,1904.41,2654.41
07/06/2024,0.0,0.0,1904.41,2654.41
07/07/2024,0.0,77.9657,1904.41,2654.41
07/08/2024,0.0,0.0,1904.41,2654.41
07/09/2024,0.0,0.0,1904.41,2654.41
07/10/2024,0.0,0.0,1904.41,2654.41
07/11/2024,0.0,70.1692,1904.41,2654.41
07/12/2024,0.0,0.0,1904.41,2654.41
07/13/2024,0.0,75.3669,1904.41,2654.41
07/14/2024,0.0,67.5703,1904.41,2654.41
07/15/2024,0.0,0.0,1904.41,2654.41
07/16/2024,0.0,0.0,1904.41,2654.41
07/17/2024,0.0,15.5931,1904.41,2654.41
07/18/2024,0.0,135.141,1904.41,2654.41
07/19/2024,0.0,33.7851,1904.41,2654.41
07/20/2024,0.0,88.3612,1904.41,2654.41
07/21/2024,0.0,88.3612,1904.41,2654.41
07/22/2024,0.0,0.0,1904.41,2654.41
07/23/2024,0.0,0.0,1904.41,2654.41
07/24/2024,0.0,12.9943,1904.41,2654.41
07/25/2024,0.0,109.152,1904.41,2654.41
07/26/2024,0.0,0.0,1904.41,2654.41
07/27/2024,0.0,119.547,1904.41,2654.41
07/28/2024,0.0,137.739,1904.41,2654.41
07/29/2024,0.0,64.9714,1904.41,2654.41
07/30/2024,0.0,153.333,1904.41,2654.41
07/31/2024,0.0,0.0,1904.41,2654.41
08/01/2024,0.0,171.525,1904.41,2654.41
08/02/2024,0.0,0.0,1904.41,2654.41
08/03/2024,0.0,158.53,1904.41,2654.41
08/04/2024,0.0,88.3612,1904.41,2654.41
08/05/2024,0.0,88.3612,1904.41,2654.41
08/06/2024,0.0,80.5646,1904.41,2654.41
08/07/2024,0.0,62.3726,1904.41,2654.41
08/08/2024,0.0,127.344,1904.41,2654.41
08/09/2024,0.0,33.7851,1904.41,2654.41
08/10/2024,0.0,54.576,1904.41,2654.41
08/11/2024,0.0,28.5874,1904.41,2654.41
08/12/2024,0.0,161.129,1904.41,2654.41
08/13/2024,0.0,132.542,1904.41,2654.41
08/14/2024,0.0,38.9829,1904.41,2654.41
08/15/2024,0.0,171.525,1904.41,2654.41
08/16/2024,0.0,7.79657,1904.41,2654.41
08/17/2024,0.0,70.1692,1904.41,2654.41
08/18/2024,0.0,176.722,1904.41,2654.41
08/19/2024,0.0,119.547,1904.41,2654.41
08/20/2024,0.0,64.9714,1904.41,2654.41
08/21/2024,0.0,0.0,1904.41,2654.41
08/22/2024,0.0,80.5646,1904.41,2654.41
08/23/2024,0.0,0.0,1904.41,2654.41
08/24/2024,0.0,10.3954,1904.41,2654.41
08/25/2024,0.0,127.344,1904.41,2654.41
08/26/2024,0.0,93.5589,1904.41,2654.41
08/27/2024,0.0,0.0,1904.41,2654.41
08/28/2024,0.0,0.0,1904.41,2654.41
08/29/2024,0.0,0.0,1904.41,2654.41
08/30/2024,0.0,0.0,1904.41,2654.41
08/31/2024,0.0,0.0,1904.41,2654.41
09/01/2024,0.0,7.79657,1904.41,2654.41
09/02/2024,0.0,0.0,1904.41,2654.41
09/03/2024,0.0,18.192,1904.41,2654.41
09/04/2024,0.0,0.0,1904.41,2654.41
09/07/2024,0.0,77.9657,1904.41,2654.41
09/05/2024,0.0,0.0,1904.41,2654.41
09/06/2024,0.0,51.9771,1904.41,2654.41
09/08/2024,0.0,137.739,1904.41,2654.41
09/09/2024,0.0,23.3897,1904.41,2654.41
09/10/2024,0.0,0.0,1904.41,2654.41
09/11/2024,0.0,10.3954,1904.41,2654.41
09/12/2024,0.0,72.768,1904.41,2654.41
09/13/2024,0.0,0.0,1904.41,2654.41
09/14/2024,0.0,51.9771,1904.41,2654.41
09/15/2024,0.0,98.7566,1904.41,2654.41
09/16/2024,0.0,85.7623,1904.41,2654.41
09/17/2024,0.0,23.3897,1904.41,2654.41
09/18/2024,0.0,77.9657,1904.41,2654.41
09/19/2024,0.0,132.542,1904.41,2654.41
09/20/2024,0.0,148.135,1904.41,2654.41
09/21/2024,0.0,132.542,1904.41,2654.41
09/22/2024,0.0,0.0,1904.41,2654.41
09/23/2024,0.0,103.954,1904.41,2654.41
09/24/2024,0.0,0.0,1904.41,2654.41
09/25/2024,0.0,0.0,1904.41,2654.41
09/26/2024,0.0,0.0,1904.41,2654.41
09/27/2024,0.0,0.0,1904.41,2654.41
09/28/2024,0.0,142.937,1904.41,2654.41
09/29/2024,0.0,25.9886,1904.41,2654.41
09/30/2024,0.0,155.931,1904.41,2654.41
10/01/2024,0.0,153.333,1904.41,2654.41
10/02/2024,0.0,10.3954,1904.41,2654.41
10/03/2024,0.0,220.903,1904.41,2654.41
10/04/2024,0.0,5.19771,1904.41,2654.41
10/05/2024,0.0,127.344,1904.41,2654.41
10/06/2024,0.0,257.287,1904.41,2654.41
10/07/2024,0.0,103.954,1904.41,2654.41
10/08/2024,0.0,176.722,1904.41,2654.41
10/09/2024,0.0,0.0,1904.41,2654.41
12/21/2024,0.0,0.0,1904.41,2654.41
01/01/2025,0.0,0.0,1904.41,2654.41
01/02/2025,1894.0,0.0,2000.84,2750.84
01/03/2025,1988.0,0.0,1981.27,2731.27
01/04/2025,1815.0,0.0,1987.79,2737.79
01/05/2025,1915.0,0.0,1981.27,2731.27
01/06/2025,1950.0,0.0,1975.47,2725.47
01/07/2025,1958.0,0.0,1975.47,2725.47
01/08/2025,2029.0,0.0,1975.47,2725.47
01/09/2025,1903.0,0.0,1975.47,2725.47
01/10/2025,2024.0,0.0,1970.39,2720.39
01/11/2025,2067.0,0.0,1970.39,2720.39
01/12/2025,1990.0,0.0,1970.39,2720.39
01/13/2025,2235.0,0.0,1970.39,2720.39
01/14/2025,1976.0,0.0,1962.41,2712.41
01/15/2025,1961.0,0.0,1962.41,2712.41
01/16/2025,1933.0,0.0,1962.41,2712.41
01/17/2025,1950.0,0.0,1970.39,2720.39
01/18/2025,2047.0,0.0,1962.41,2712.41
01/19/2025,2165.0,0.0,1955.16,2705.16
01/20/2025,1976.0,0.0,1955.16,2705.16
01/21/2025,2418.0,0.0,1958.79,2708.79
01/22/2025,3003.0,0.0,2705.16,2705.16
01/23/2025,1570.0,0.0,2705.16,2705.16
01/27/2025,1673.0,0.0,1961.69,2711.69
01/28/2025,1993.0,0.0,1961.69,2711.69
01/29/2025,1901.0,0.0,1957.34,2707.34
01/30/2025,1945.0,0.0,1950.09,2700.09
01/31/2025,1954.0,0.0,1957.34,2707.34
02/01/2025,1939.0,0.0,1950.09,2700.09
02/02/2025,1952.0,0.0,1950.09,2700.09
02/03/2025,1897.0,0.0,1945.74,2695.74
02/04/2025,1947.0,0.0,1942.11,2692.11
02/05/2025,1947.0,0.0,1937.76,2687.76
02/06/2025,2042.0,0.0,1937.76,2687.76
02/07/2025,2089.0,0.0,1942.11,2692.11
02/08/2025,2050.0,0.0,1937.76,2687.76
02/09/2025,1958.0,0.0,1929.79,2679.79
02/10/2025,2170.0,0.0,1929.79,2679.79
02/11/2025,2031.0,0.0,1937.76,2687.76
02/12/2025,1930.0,0.0,1942.11,2692.11
02/13/2025,2209.0,0.0,1937.76,2687.76
02/14/2025,2450.0,0.0,1937.76,2687.76
02/15/2025,1809.0,0.0,1937.76,2687.76
02/16/2025,2070.0,0.0,1937.76,2687.76
02/17/2025,1920.0,0.0,1937.76,2687.76
02/18/2025,2575.0,0.0,1937.76,2687.76
02/19/2025,0.0,0.0,1929.79,2679.79
03/04/2025,2014.0,0.0,1956.61,2706.61
03/05/2025,1987.0,0.0,1939.21,2689.21
03/06/2025,2091.0,0.0,1939.21,2689.21
03/07/2025,2030.0,0.0,1939.21,2689.21
03/08/2025,2128.0,0.0,1939.21,2689.21
03/09/2025,1940.0,0.0,1939.21,2689.21
03/10/2025,2051.0,0.0,1939.21,2689.21
03/11/2025,1139.0,0.0,1948.64,2698.64
03/17/2025,1874.0,0.0,1944.29,2694.29
03/18/2025,1920.0,0.0,1934.86,2684.86
03/19/2025,2069.0,0.0,1930.51,2680.51
03/20/2025,1986.0,0.0,1930.51,2680.51
03/21/2025,2155.0,0.0,1930.51,2680.51
03/22/2025,2340.0,0.0,1930.51,2680.51
03/23/2025,2325.0,0.0,1930.51,2680.51
03/24/2025,2086.0,0.0,1930.51,2680.51
03/25/2025,2411.0,0.0,1930.51,2680.51
03/26/2025,2092.0,0.0,1930.51,2680.51
03/27/2025,2144.0,0.0,1930.51,2680.51
03/28/2025,2223.0,0.0,1930.51,2680.51
03/31/2025,1459.0,0.0,1937.04,2687.04
04/01/2025,1971.0,0.0,1937.04,2687.04
04/02/2025,2082.0,0.0,1929.06,2679.06
04/03/2025,2015.0,0.0,1929.06,2679.06
04/04/2025,1415.0,0.0,1925.44,2675.44
04/14/2025,2169.0,0.0,1917.57,2667.57
04/15/2025,2175.0,0.0,1933.52,2683.52
04/16/2025,2086.0,0.0,1933.52,2683.52
04/17/2025,2182.0,0.0,1933.52,2683.52
04/18/2025,1265.0,0.0,1933.52,2683.52
11/18/2025,0.0,0.0,1974.12,2724.12
11/19/2025,0.0,0.0,1974.12,2724.12
11/20/2025,0.0,96.9055,1974.12,2724.12
11/21/2025,1862.0,126.12,1961.79,2711.79
11/22/2025,2615.0,141.993,1956.72,2706.72
11/23/2025,2124.0,69.2182,1974.12,2724.12
11/24/2025,1950.0,0.0,1974.12,2724.12
11/25/2025,1945.0,0.0,1956.72,2706.72
11/26/2025,2271.0,198.64,1952.37,2702.37
11/27/2025,910.0,155.103,1952.37,2702.37
11/28/2025,0.0,132.137,1966.87,2716.87
11/29/2025,0.0,214.722,1966.87,2716.87
11/30/2025,0.0,173.43,1966.87,2716.87
12/01/2025,0.0,0.0,1966.87,2716.87
12/02/2025,0.0,0.0,1966.87,2716.87
12/03/2025,0.0,66.0685,1966.87,2716.87
12/04/2025,0.0,0.0,1966.87,2716.87
12/05/2025,0.0,49.5513,1966.87,2716.87
12/06/2025,2057.0,168.708,1952.37,2702.37
12/07/2025,2194.0,111.956,1956.72,2706.72
12/08/2025,1988.0,0.0,1956.72,2706.72
12/09/2025,1926.0,0.0,1956.72,2706.72
12/10/2025,1946.0,0.0,1937.87,2687.87
12/11/2025,2704.0,24.2041,1937.87,2687.87
12/12/2025,1943.0,72.9553,1943.67,2693.67
12/13/2025,2788.0,190.944,1937.87,2687.87
12/14/2025,2118.0,131.778,1937.87,2687.87
12/15/2025,1986.0,0.0,1937.87,2687.87
12/16/2025,180.0,10.7574,1937.87,2687.87
12/19/2025,0.0,0.0,1937.87,2687.87
12/17/2025,0.0,56.4763,1937.87,2687.87
12/18/2025,0.0,0.0,1937.87,2687.87
12/20/2025,0.0,0.0,1937.87,2687.87
12/23/2025,0.0,0.0,1937.87,2687.87
12/21/2025,0.0,0.0,1937.87,2687.87
12/22/2025,0.0,0.0,1937.87,2687.87
12/24/2025,0.0,0.0,1937.87,2687.87
12/25/2025,0.0,18.8254,1937.87,2687.87
12/26/2025,0.0,13.4467,1937.87,2687.87
12/28/2025,0.0,0.0,1937.87,2687.87
12/27/2025,0.0,0.0,1937.87,2687.87
01/04/2026,0.0,43.0296,1937.87,2687.87
12/29/2025,0.0,40.3402,1937.87,2687.87
12/30/2025,0.0,53.787,1937.87,2687.87
12/31/2025,0.0,0.0,1937.87,2687.87
01/01/2026,0.0,0.0,1937.87,2687.87
01/02/2026,0.0,61.855,1937.87,2687.87
01/03/2026,0.0,32.2722,1937.87,2687.87
01/05/2026,0.0,0.0,1937.87,2687.87
01/06/2026,0.0,0.0,1937.87,2687.87
01/07/2026,1714.0,0.0,1948.02,2698.02
